Ligand,LXZ_Classification,SMILES,Formal_Charge,Notes,Index
CHâ‚‚SiMeâ‚ƒ (trimethylsilylmethyl),X,[CH2-][Si](C)(C)C,-1,,0
"[9]aneSâ‚ƒ (1,4,7-trithiocyclononane-خ؛آ²S)",L2,C1CSCCSCCS1,0,,1
CH(SiMeâ‚ƒ)â‚‚ (bistrimethylsilylmethyl),X,[CH-]([Si](C)(C)C)[Si](C)(C)C,-1,,2
Oep (octaethylporphyrin),L2X2,"C12C=C3N=C(C=C4[N-]C(=CC5=NC(=CC(=C(CC)C=1CC)[N-]2)C(CC)=C5CC)C(CC)=C4CC)C(CC)=C3CC |c:1,5,8,12|",-2,,3
Cl (chloro),X,[Cl-],-1,,4
Tpp (tetraphenylporphyrin),L2X2,"C1=CC2=C(C3C=CC=CC=3)C3=NC(C=C3)=C(C3C=CC=CC=3)C3[N-]C(=CC=3)C(C3C=CC=CC=3)=C3N=C(C=C3)C(C3C=CC=CC=3)=C1[N-]2 |c:2,38,t:16,52|",0,,5
"Câ‚†Hâ‚ƒMesâ‚‚ (2,6-dimesityl-phenyl)",X,C1(C2C(C)=CC(C)=CC=2C)C=CC=C(C2C(C)=CC(C)=CC=2C)[C-]=1,0,,6
Thf (tetrahydrofuran),L,O1C=CC=C1,0,,7
"SCâ‚†Hâ‚‚Buلµ—â‚ƒ-2,4,6 (tri-t-butylphenylthio)",X,C1C(C(C)(C)C)=C([S-])C(C(C)(C)C)=CC=1C(C)(C)C,-1,,8
Me (methyl),X,[CH3-],-1,,9
CHâ‚‚Buلµ— (t-butylmethyl),X,[CH2-]C(C)(C)C,-1,,10
Ph (phenyl),X,[C-]1C=CC=CC=1,-1,,11
OSOâ‚‚Tol (p-tolyl-sulfonato),X,[O-]S(C1C=CC(C)=CC=1)(=O)=O,-1,,12
OHâ‚‚ (aqua),L,O,0,,13
Bz (phenylmethanido-خ؛C),X,C1C=C([CH2-])C=CC=1,-1,,14
"Tp* (hydrotris(3,5-dimethylpyrazolyl)borato-خ؛آ³N)",L2X,[BH-](N1C(C)=CC(C)=N1)(N1C(C)=CC(C)=N1)N1C(C)=CC(C)=N1,-1,,15
"[9]aneNâ‚ƒ-1,4,7-Meâ‚ƒ (1,4,7-trimethyl-1,4,7-triazacyclononane-خ؛آ³N)",L3,C1N(C)CCN(C)CCN(C)C1,0,"trimethyl TACN,Me3TACN,TACNMe3,(CH3)3TACN,TACN(CH3)3",16
Tpm (tris(pyrazolyl)methane-خ؛آ³N),L3,C(N1N=C(C)C=C1C)(N1N=C(C)C=C1C)N1N=C(C)C=C1C,0,,17
F (fluoro),X,[F-],-1,,18
"[6]aneNâ‚ƒ-1,3,5-Meâ‚ƒ (1,3,5-trimethyl-1,3,5-triazacyclohexane-خ؛آ³N)",L3,C1N(C)CN(C)CN1C,0,,19
Diglyme (diethylene glycol dimethyl ether-خ؛آ³O),L3,C(OC)COCCOC,0,,20
NCMe (acetonitrile),L,N#CC,0,,21
Dme (dimethoxyethane),L2,O(C)CCOC,0,,22
"OCâ‚†Hâ‚ƒMeâ‚‚-2,6 (dimethylphenoxy-2,6)",X,C1C=C(C)C([O-])=C(C)C=1,-1,,23
Dmso (dimethylsulfoxide-خ؛O),L,S(C)(C)=O,0,,24
Br (bromo),X,[Br-],-1,,25
Terpy (terpyridine-خ؛آ³N),L3,C1(C2N=CC=CC=2)C=CC=C(C2C=CC=CN=2)N=1,0,,26
NCS (isothiocyanato-خ؛N),X,[N-]=C=S,-1,,27
Acac (acetylacetonato),LX,C/C(=C/C(C)=O)/[O-],-1,,28
N(SiMeâ‚ƒ)â‚‚ (bis(trimethylsilyl)amino: planar),LX,[N-]([Si](C)(C)C)[Si](C)(C)C,-1,,29
Câ‚…(SiMeâ‚ƒ)Meâ‚„ (خ·âپµ-tetramethyl-trimethylsilyl-cyclopentadienyl),L2X,[C-]1([SiH3])C(C)=C(C)C(C)=C1C,-1,,30
Cp (خ·âپµ-cyclopentadienyl),L2X,[CH-]1C=CC=C1,-1,,31
Cp* (خ·âپµ-pentamethylcyclopentadienyl),L2X,[C-]1(C)C(C)=C(C)C(C)=C1C,-1,,32
Câ‚…HMeâ‚„ (خ·âپµ-tetramethylcyclopentadienyl),L2X,[CH-]1C(C)=C(C)C(C)=C1C,-1,,33
Câ‚…Hâ‚ƒ(SiMeâ‚ƒ)â‚‚ (خ·âپµ-bis(trimethylsilyl)cyclopentadienyl),L2X,[CH-]1C([Si](C)(C)C)=CC=C1[Si](C)(C)C,-1,,34
Câ‚…Hâ‚„Me (خ·âپµ-methylcyclopentadienyl),L2X,[C-]1(C)C=CC=C1,-1,,35
Câ‚‰Hâ‚…(SiMeâ‚ƒ)â‚‚ (خ·âپµ-bis{trimethylsilyl}indenyl),L2X,C1C=CC2=C([Si](C)(C)C)[CH-]C([Si](C)(C)C)=C2C=1,-1,,36
OPPhâ‚ƒ (triphenylphosphane oxide),L,P(C1C=CC=CC=1)(C1C=CC=CC=1)(C1C=CC=CC=1)=O,0,,37
"C(3,5-Meâ‚‚Pz)â‚ƒ (tris(3,5-dimethylpyrazolyl)methanido-خ؛آ³N)",L3,C(N1N=C(C)C=C1C)(N1N=C(C)C=C1C)N1N=C(C)C=C1C,0,,38
Câ‚ƒHâ‚… (allyl-خ؛C),X,[CH2-]C=C,-1,,39
Câ‚ƒHâ‚… (خ·آ³-allyl),LX,[CH2-]C=C,-1,,40
Fta (trifluoroacetylacetonato),LX,[O-]/C(=C\C(=O)C(F)(F)F)/C(F)(F)F,-1,,41
I (iodo),X,[I-],-1,,42
N(SiHMeâ‚‚)â‚‚ (bis(dimethylsilyl)amino: planar),LX,[N-]([SiH](C)C)[SiH](C)C,-1,,43
OPBuلµ—â‚ƒ (tributylphosphane oxide),L,P(C(C)(C)C)(C(C)(C)C)(C(C)(C)C)=O,0,,44
OAsMeâ‚ƒ (trimethylarsane oxide),L,[As](C)(C)(C)=O,0,,45
"[9]aneSâ‚ƒ (1,4,7-trithiocyclononane-خ؛آ³S)",L3,C1CSCCSCCS1,0,,46
OCMe(NHâ‚‚) (acetamide-خ؛O),L,O=C(N)C,0,,47
O=C(NHâ‚‚)â‚‚ (urea),L,C(N)(N)=O,0,,48
OH (hydroxo),X,[OH-],-1,,49
OSOâ‚‚Me (methylsulfonato-خ؛O),X,[O-]S(=O)(=O)C,-1,,50
Oâ‚‚Câ‚‡Hâ‚… (tropolonato-خ؛آ²O),LX,C1C=CC(=O)C([O-])=CC=1,-1,,51
OSOâ‚‚CFâ‚ƒ (trifluoromethanesulfonato-خ؛O),X,[O-]S(C(F)(F)F)(=C)=C,-1,,52
OAsPhâ‚ƒ (triphenylarsane oxide),L,[As](C1C=CC=CC=1)(C1C=CC=CC=1)(C1C=CC=CC=1)=O,0,,53
12-crown-4 (12-crown-4-خ؛âپ´O),L4,C1OCCOCCOCCOC1,0,,54
15-crown-5 (15-crown-5-خ؛âپµO),L5,C1OCCOCCOCCOCCOC1,0,,55
As (خ¼â‚†-arsenido),LX,[As-]%91%92%93%94%95%96.[*]%91.[*]%92.[*]%93.[*]%94.[*]%95.[*]%96,-1,,56
Pc (phthalocyaninato),L2X2,"C1=CC=CC2=C3N=C4N=C(C5C=CC=CC=54)N=C4[N-]C(C5C=CC=CC=54)=NC4=NC(=NC(=C12)[N-]3)C1C=CC=CC=14 |c:6,18,29,33|",-2,,57
Ind (خ·âپµ-indenyl),L2X,C1C=CC2[CH-]C=CC=2C=1,-1,,58
"Dmpe (1,2-bis-(dimethylphosphino)ethane)",L2,C(P(C)C)CP(C)C,0,,59
"(PMeâ‚‚)â‚‚Câ‚†Hâ‚„ (1,2-bis-(dimethylphosphino)benzene)",L2,C1C=C(P(C)C)C(P(C)C)=CC=1,0,,60
NPrâپ±â‚‚ (diisopropylamino: planar),LX,[N-](C(C)C)C(C)C,-1,,61
NOâ‚ƒ (nitrato-خ؛آ²O),LX,[O-][N+]([O-])=O,-1,,62
O=CMeâ‚‚ (acetone),L,CC(=O)C,0,,63
O=CPhâ‚‚ (dibenzophenone),L,C1(C=CC=CC=1)C(=O)C1C=CC=CC=1,0,,64
SePh (phenylselenyl),X,C1C=CC=CC=1[Se-],-1,,65
SiH(SiMeâ‚ƒ)â‚‚ (bis-trimethylsilyl-silyl),X,[SiH-]([Si](C)(C)C)[Si](C)(C)C,-1,,66
TeBz (benzyltellanyl),X,C1C=CC=CC=1C[Te-],-1,,67
TePh (phenyltellanyl),X,C1C=CC=CC=1[Te-],-1,,68
Cot (خ·âپ¸-cyclooctatetraene),L3X2,"C1C=CC=CC=CC=1 |c:1,3,5,7|",0,,69
18-crown-6 (18-crown-6-خ؛âپ¶O),L6,C1OCCOCCOCCOCCOCCOC1,0,,70
"[18]aneOâ‚„Sâ‚‚ (tetraoxa-7,16-dithiacyclooctadecane-خ؛آ²S,خ؛âپ´O)",L6,C1OCCOCCSCCOCCOCCSC1,0,,71
Phen (phenanthroline),L2,C12C=CC=NC=1C1N=CC=CC=1C=C2,0,,72
"Edta (ethylenediaminetetraacetato-خ؛آ²N,خ؛âپ´O)",L2X4,[O-]C(CN(CC(=O)[O-])CCN(CC(=O)[O-])CC(=O)[O-])=O,-4,,73
NOâ‚ƒ (nitrato-خ؛O),X,[O-][N+](=O)[O-],-1,,74
OCâ‚‡Hâ‚…(OH) (tropolone-خ؛آ²O),L2,C1C(=O)C(O)=CC=CC=1,0,,75
Si(SiMeâ‚ƒ)â‚ƒ (tris-trimethylsilyl-silyl),X,[Si-]([Si](C)(C)C)([Si](C)(C)C)[Si](C)(C)C,-1,,76
SPh (phenylthio),X,C1C=C([S-])C=CC=1,-1,,77
OSiBuلµ—â‚ƒ (tri-t-butylsiloxy),X,[O-][Si](C(C)(C)C)(C(C)(C)C)C(C)(C)C,-1,,78
NMeâ‚ƒ (trimethylamine),L,N(C)(C)C,0,,79
Câ‚†Fâ‚… (pentafluorophenyl),X,C1(F)C(F)=[C-]C(F)=C(F)C=1F,-1,,80
OMe (methoxy),X,C[O-],-1,,81
P(SiMeâ‚ƒ)â‚ƒ (tris-(trimethylsilyl)-phosphane),L,P([Si](C)(C)C)([Si](C)(C)C)[Si](C)(C)C,0,,82
OSiPhâ‚ƒ (triphenylsiloxy),X,[Si](C1C=CC=CC=1)(C1C=CC=CC=1)(C1C=CC=CC=1)[O-],-1,,83
Py (pyridine),L,C1C=NC=CC=1,0,,84
OEt (ethoxy),X,[O-]CC,-1,,85
OPrâپ± (isopropoxy),X,[O-]C(C)C,-1,,86
CNBuلµ— (t-butyl isocyanide),L,[C-]#[N+]C(C)(C)C,0,,87
"Dppe (1,2-bis-(diphenylphosphino)ethane-خ؛آ²P)",L2,C(P(C1C=CC=CC=1)C1C=CC=CC=1)CP(C1C=CC=CC=1)C1C=CC=CC=1,0,,88
SeEtâ‚‚ (diethylselane),L,[Se](CC)CC,0,,89
SeMeâ‚‚ (dimethylselane),L,[Se](C)C,0,,90
Tht (tetrahydrothiophene),L,S1CCCC1,0,,91
TMEDA (tetramethylethylenediamine-خ؛آ²N),L2,C(N(C)C)CN(C)C,0,,92
Bpy (bipyridine),L2,C1N=C(C2N=CC=CC=2)C=CC=1,0,,93
"Depe (1,2-bis-(diethylphosphino)ethane)",L2,C(P(CC)CC)CP(CC)CC,0,,94
"[9]aneNâ‚ƒ (1,4,7-triazacyclononane-خ؛آ³N)",L3,C1NCCNCCNC1,0,TACN,95
OPh (phenoxy),X,C1C=CC=CC=1[O-],-1,,96
Tp (hydrotris(pyrazolyl)borato-خ؛آ³N),L2X,[BH-](N1N=CC=C1)(N1N=CC=C1)N1N=CC=C1,-1,,97
OBuلµ— (t-butyloxy),X,CC(C)(C)[O-],-1,,98
SCHâ‚‚CHâ‚‚CHâ‚‚S (propanedithiolato-خ؛آ²S),X2,[S-]CCC[S-],-2,,99
"OCâ‚†Hâ‚ƒPhâ‚‚-2,6 (diphenylphenoxy-2,6)",X,C1(C2C=CC=CC=2)C=CC=C(C2C=CC=CC=2)C=1[O-],-1,,100
OMes (mesityloxy),X,C1(C)C=C(C)C=C(C)C=1[O-],-1,,101
SMes (mesitylthio),X,C1(C)C=C(C)C=C(C)C=1[S-],-1,,102
STol (tolylthio),X,C1C=C(C)C=CC=1[S-],-1,,103
Ind* (خ·âپµ-heptamethylindenyl),L2X,C1(C)C(C)=C(C)C2C(C)=C(C)[C-](C)C=2C=1C,-1,,104
Câ‚†Hâ‚ƒMeâ‚ƒ (mesitylene),L3,C1C(C)=CC(C)=CC=1C,0,,105
Câ‚†Meâ‚† (hexamethylbenzene),L3,C1(C)C(C)=C(C)C(C)=C(C)C=1C,0,,106
NCâ‚…Hâ‚„Me (4-methylpyridine),L,C1C=C(C)C=CN=1,0,,107
"OCâ‚†Hâ‚ƒPrâپ±â‚‚-2,6 (di-isopropylphenoxy-2,6)",X,C1(C(C)C)C=CC=C(C(C)C)C=1[O-],-1,,108
NCyâ‚‚ (dicyclohexylamino: planar),LX,[N-](C1CCCCC1)C1CCCCC1,-1,,109
Nâ‚ƒ (azido),X,[N-]=[N+]=[N-],-1,,110
"OCHâ‚‚CHâ‚‚O (ethanediolato-خ؛O,خ؛O)",X2,C([O-])C[O-],-2,,111
Oâ‚‚ (peroxo),X2,[O-][O-],-2,,112
SCHâ‚‚CHâ‚‚S (ethanedithiolato-خ؛آ²S),X2,C([S-])C[S-],-2,,113
Terpy (terpyridine-خ؛آ³N 2âٹ–),L3,C1C(C2C=CC=CN=2)=NC(C2N=CC=CC=2)=CC=1,0,,114
=NH (imino),X2,[NH-2],-2,,115
â­€NPh (phenylimino),LX2,[N-2]C1C=CC=CC=1,-2,,116
NHMeâ‚‚ (dimethylamine),L,N(C)C,0,,117
AsPhâ‚ƒ (triphenylarsane),L,[As](C1C=CC=CC=1)(C1C=CC=CC=1)C1C=CC=CC=1,0,,118
PhCâ‰،CPh (diphenylethyne),L,C(C1C=CC=CC=1)#CC1C=CC=CC=1,0,,119
PzH (pyrazole),L,N1N=CC=C1,0,,120
CN (cyano-خ؛C),X,[C-]#N,-1,,121
NCO (isocyanato-خ؛N),X,[N-]=C=O,-1,,122
O (oxo Xâ‚‚),X2,[O-2],-2,,123
=NTol (tolylimino),X2,C1C(C)=CC=C([N-2])C=1,-2,,124
NMeâ‚‚ (dimethylamino: planar),LX,[N-](C)C,-1,,125
Dedtc (diethyldithiocarbamato-خ؛آ²S),LX,[S-]C(N(CC)CC)=S,-1,,126
NHBuلµ— (t-butylamino: planar),LX,[NH-]C(C)(C)C,-1,,127
PMeâ‚ƒ (trimethylphosphane),L,P(C)(C)C,0,,128
O (oxo â­€O Xâ‚‚L),LX2,[O-2],-2,,129
S (thio; â­€S),LX2,[S-2],-2,,130
â­€NBuلµ— (â­€N t-butylimino),LX2,[N-2]C(C)(C)C,-2,,131
PPhâ‚ƒ (triphenylphosphane),L,P(C1C=CC=CC=1)(C1C=CC=CC=1)C1C=CC=CC=1,0,,132
Câ‚„Hâ‚† (خ·âپ´-butadiene),L2,C(=C)C=C,0,,133
Bpy (bipyridine 1âٹ–),L2,C1C=NC(C2N=CC=CC=2)=CC=1,0,,134
Câ‰،CBuâپ؟ (hexynyl),X,[C-]#CCCCC,-1,,135
H (hydrido),X,[H-],-1,,136
CNXy (xylyl isocyanide),L,[C-]#[N+]C1C(C)=CC=CC=1C,0,,137
NCSe (isoselenocyanato),X,[N-]=C=[Se],-1,,138
NHMe (methylamino),X,[NH-]C,-1,,139
OCâ‚†Fâ‚… (pentafluorophenoxy),X,C1(F)C(F)=C([O-])C(F)=C(F)C=1F,-1,,140
SeBuلµ— (t-butylselenyl),X,[Se-]C(C)(C)C,-1,,141
SH (hydrothio),X,[SH-],-1,,142
Xy (xylyl),X,C1C(C)=[C-]C(C)=CC=1,-1,,143
Buلµ— (t-butyl),X,C[C-](C)C,-1,,144
CFâ‚ƒ (trifluoromethyl),X,[C-](F)(F)F,-1,,145
Câ‰،CSiMeâ‚ƒ (trimethylsilylalkynyl),X,[C-]#C[Si](C)(C)C,-1,,146
COMe (acetyl),X,[C-](C)=O,-1,,147
C(SiMeâ‚ƒ)â‚ƒ (tristrimethylsilylmethyl),X,[C-]([Si](C)(C)C)([Si](C)(C)C)[Si](C)(C)C,-1,,148
ClOâ‚„ (perchlorato-خ؛آ²O),LX,[O-]Cl(=O)(=O)=O,-1,,149
SnPhâ‚ƒ (triphenylstannyl),X,[Sn-](C1C=CC=CC=1)(C1C=CC=CC=1)C1C=CC=CC=1,-1,,150
Cp (cyclopentadienyl-خ؛C),X,[CH-]1C=CC=C1,-1,,151
Câ‚‡Hâ‚‡ (خ·âپ·-cycloheptatrienyl Xâ‚ƒLâ‚‚),L2X3,C1=CC=CC=C[CH+]1,1,,152
Dmdtc (dimethyldithiocarbamato-خ؛آ²S),LX,[S-]C(N(C)C)=S,-1,,153
Et (ethyl),X,[CH2-]C,-1,,154
FAsFâ‚… (hexafluoroarsenate),L,[As](F)(F)(F)(F)(F)F,0,,155
CH=CHâ‚‚ (vinyl),X,[CH-]=C,-1,,156
SiClâ‚ƒ (trichlorosilyl),X,[Si-](Cl)(Cl)Cl,-1,,157
=NBuلµ— (t-butylimino),X2,[N-2]C(C)(C)C,-2,,158
NPhâ‚‚ (diphenylamino: planar),LX,[N-](C1C=CC=CC=1)C1C=CC=CC=1,-1,,159
Oâ‚‚CNMeâ‚‚ (dimethylcarbamato-خ؛آ²O),LX,O=C(N(C)C)[O-],-1,,160
COâ‚ƒ (carbonato-خ؛آ²O),X2,C([O-])([O-])=O,-2,,161
Ox (oxalato),X2,C(=O)([O-])C([O-])=O,-2,,162
Oâ‚‚CCFâ‚ƒ (trifluoroacetato-خ؛O),X,C(=O)(C(F)(F)F)[O-],-1,,163
Oâ‚‚CH (formato-خ؛O),X,C(=O)[O-],-1,,164
Oâ‚‚CNEtâ‚‚ (diethylcarbamato-خ؛آ²O),LX,N(CC)(CC)C(=O)[O-],-1,,165
Oâ‚‚CPh (benzoato-خ؛O),X,O=C(C1C=CC=CC=1)[O-],-1,,166
SCH=CHS (ethenedithiolato-خ؛آ²S),X2,[S-]/C=C\[S-],-2,,167
SeMe (methylselenyl),X,[Se-]C,-1,,168
SEt (ethylthio),X,[S-]CC,-1,,169
"Seâ‚‚Câ‚†Hâ‚„-o (benzene-1,2-diselenolato-خ؛آ²Se)",X2,C1C=CC=C([Se-])C=1[Se-],-2,,170
Seâ‚… (pentaseleno-خ؛آ²Se),X2,[Se-][Se][Se][Se][Se-],-2,,171
SMe (methylthio),X,[S-]C,-1,,172
Sâ‚‚ (disulfanediyl-خ؛آ²S),X2,[S-][S-],-2,,173
"Sâ‚‚Câ‚†Hâ‚„ (benzene-1,2-dithiolato-خ؛آ²S)",X2,C1C=C([S-])C([S-])=CC=1,-2,,174
Sâ‚ƒ (trisulfanediyl-خ؛آ²S),X2,[S-]S[S-],-2,,175
Sâ‚… (pentasulfanediyl-خ؛آ²S),X2,[S-]SSS[S-],-2,,176
Teâ‚‚ (pertellurido-خ؛آ²Te),X2,[Te-][Te-],-2,,177
Câ‚‚Hâ‚„ (ethene),L,C=C,0,,178
Meâ‚ƒSiCâ‰،CSiMeâ‚ƒ (bistrimethylsilylethyne),L,C([Si](C)(C)C)#C[Si](C)(C)C,0,,179
Meâ‚ƒSnCâ‰،CSnMeâ‚ƒ (bistrimethylstanylethyne),L,C([Sn](C)(C)C)#C[Sn](C)(C)C,0,,180
PFâ‚ƒ (trifluorophosphane),L,P(F)(F)F,0,,181
NCBz (benzylnitrile),L,C(C#N)C1C=CC=CC=1,0,,182
NHâ‚‚ (amino: planar),LX,[NH2-],-1,,183
NHâ‚ƒ (ammine),L,N,0,,184
OEtâ‚‚ (diethylether),L,O(CC)CC,0,,185
PhCâ‰،CH (phenylethyne),L,C#CC1C=CC=CC=1,0,,186
OSiMeâ‚ƒ (trimethylsiloxy),X,[O-][Si](C)(C)C,-1,,187
Câ‚‚Fâ‚„ (tetrafluoroethene),L,C(/F)(\F)=C(\F)/F,0,,188
Oâ‚‚CPh (benzoato-خ؛آ²O),LX,C(=O)([O-])C1C=CC=CC=1,-1,,189
PPhâ‚‚ (diphenylphosphanyl),X,[P-](C1C=CC=CC=1)C1C=CC=CC=1,-1,,190
P(SiMeâ‚ƒ)â‚‚ (bis(trimethylsilyl)phosphanyl),LX,[P-]([Si](C)(C)C)[Si](C)(C)C,-1,,191
SiHPhâ‚‚ (diphenylsilyl),X,[SiH-](C1C=CC=CC=1)C1C=CC=CC=1,-1,,192
SiHâ‚ƒ (silyl),X,[SiH3-],-1,,193
SnMeâ‚ƒ (trimethylstannyl),X,[Sn-](C)(C)C,-1,,194
TeSi(SiMeâ‚ƒ)â‚ƒ (tris{trimethylsilyl}silyltellanyl),X,[Te-][Si]([Si](C)(C)C)([Si](C)(C)C)[Si](C)(C)C,-1,,195
Câ‰،CPh (phenylethynyl),X,[C-]#CC1C=CC=CC=1,-1,,196
NHPh (phenylamino: planar),LX,[NH-]C1C=CC=CC=1,-1,,197
"(CO)â‚† (hexacarbonyl, (Câ‰،O)â‚† octahedral â“ˆ)",L,[C-]#[O+],0,,198
GePhâ‚ƒ (triphenylgermyl),X,[Ge-](C1C=CC=CC=1)(C1C=CC=CC=1)C1C=CC=CC=1,-1,,200
"COMe (acetyl-خ؛C,خ؛O)",LX,O=[C-]C,-1,,201
(Cpâ‚‚) (bis-(خ·âپµ-cyclopentadienyl) Xâ‚‚Lâ‚ƒ â“ˆ),L3X2,[CH-]1C=CC=C1.[CH-]1C=CC=C1,-2,,202
Oâ‚‚CMe (acetato-خ؛آ²O),LX,C(C)(=O)[O-],-1,,203
S (thio),X2,[S-2],-2,,204
Sâ‚‚CMe (dithioacetato-خ؛آ²S),LX,CC(=S)[S-],-1,,205
CO (carbonyl),L,[O+]#[C-],0,,206
Pâ‚… (خ·âپµ-cyclopentaphosphorus),L2X,[P-]1P=PP=P1,0,,207
Câ‚†Hâ‚† (benzene),L3,C1C=CC=CC=1,0,,208
Câ‚‡Hâ‚ˆ (toluene),L3,C1C=C(C)C=CC=1,0,,209
PEtâ‚ƒ (triethylphosphane),L,P(CC)(CC)CC,0,,210
Dppm (bis-(diphenylphosphino)methane-خ؛آ²P),L2,P(C1C=CC=CC=1)(C1C=CC=CC=1)CP(C1C=CC=CC=1)C1C=CC=CC=1,0,,211
PhNNPh (diphenyldiazene),L2,N(/C1C=CC=CC=1)=N/C1C=CC=CC=1,0,,212
Au group (X type),X,[Au-],-1,,213
SnCyâ‚ƒ (tricyclohexylstannyl),X,[Sn-](C1CCCCC1)(C1CCCCC1)C1CCCCC1,-1,,214
SBuلµ— (t-butylthio),X,[S-]C(C)(C)C,-1,,215
NEtâ‚‚ (diethylamino: planar),LX,[N-](CC)CC,-1,,216
OHMe (methanol),L,OC,0,,217
PMePhâ‚‚ (methyldiphenylphosphane),L,P(C1C=CC=CC=1)(C1C=CC=CC=1)C,0,,218
OSi(SiMeâ‚ƒ)â‚ƒ (tris-(trimethylsilyl)-siloxy),X,[O-][Si]([Si](C)(C)C)([Si](C)(C)C)[Si](C)(C)C,-1,,219
"O(CHâ‚‚CHâ‚‚S)â‚‚ (2,2-oxydiethanethiolato)",LX2,[S-]CCOCC[S-],-2,,220
N(CHâ‚‚CHâ‚‚S)â‚ƒ (tris(2-thiolatoethyl)amine),LX3,N(CC[S-])(CC[S-])CC[S-],-3,,221
SeSi(SiMeâ‚ƒ)â‚ƒ (tris-(trimethylsilyl)-selenyl),X,[Se-][Si]([Si](C)(C)C)([Si](C)(C)C)[Si](C)(C)C,-1,,222
Mes (mesityl),X,C1(C)C=C(C)C=C(C)[C-]=1,-1,,223
Oâ‚‚Câ‚†Hâ‚„-o (catecholato-خ؛آ²O),X2,C1C([O-])=C([O-])C=CC=1,-2,,224
S (خ¼â‚‚-thio Xâ€“X),X2,[S-2],-2,,225
Seâ‚‚ (خ¼â‚‚-perseleno),X2,[Se-][Se-],-2,,226
N(CHâ‚‚CHâ‚‚)â‚ƒCH (quinuclidine),L,N12CCC(CC1)CC2,0,,227
N (nitrido; â‰،N),X3,[N-3],-3,,228
NPPhâ‚ƒ (triphenylphosphane nitride),LX,[N-]=P(C1C=CC=CC=1)(C1C=CC=CC=1)C1C=CC=CC=1,-1,,229
NCPh (benzonitrile),L,C1C=CC=C(C#N)C=1,0,,230
"[12]aneNâ‚„ (1,4,7,10-tetraazacyclododecane-خ؛âپ´N)",L4,C1NCCNCCNCCNC1,0,,231
PMeâ‚‚Ph (dimethylphenylphosphane),L,P(C1C=CC=CC=1)(C)C,0,,232
OPMeâ‚‚Ph (dimethylphenylphosphane oxide),L,O=P(C)(C)C1C=CC=CC=1,0,,233
OPMeâ‚ƒ (trimethylphosphane oxide),L,P(C)(C)(C)=O,0,,234
Hfa (hexafluoroacetylacetonato),LX,C(F)(F)(F)C(=O)CC([O-])C(F)(F)F,-1,,235
SOâ‚„ (sulphato-خ؛O),X,S(=O)([O-])(=O)=O,-2,,236
Nâ‚‚Câ‚ƒHâ‚„ (Imidazole),L,N1C=NC=C1,0,,237
O(CHâ‚‚COâ‚‚)â‚‚ (oxydiacetato-خ؛آ³O),LX2,O(C(=O)[O-])C(=O)[O-],-2,,238
O=C(NMeâ‚‚)â‚‚ (tetramethylurea),L,N(C)(C)C(N(C)C)=O,0,,239
SEtMe (ethylmethylthioether),L,S(CC)C,0,,240
"Nta (2,2',2''-nitrilotriacetato-خ؛N,خ؛آ³O)",LX3,N(CC(=O)[O-])(CC(=O)[O-])CC(=O)[O-],-3,,241
Opp (octphenylporphyrin),L2X2,"[N-]1C2C(C3C=CC=CC=3)C3C=CC(C(C4C=CC=CC=4)=C4[N-]C(C(C5C=CC=CC=5)=C4C4C=CC=CC=4)=C(C4C=CC=CC=4)C4=NC(C=C4)=C(C4C=CC=CC=4)C1=C(C1C=CC=CC=1)C=2C1C=CC=CC=1)=N3 |c:21,t:41,55|",-2,,242
Se (seleno; â­€Se),LX2,[Se-2],-2,,243
"NO (nitrosyl, linear)",LXZ,N#O,0,,244
(O)â‚‚ (dioxo Câ‚‚لµ¥ Xâ‚„Lâ‚‚ â“ˆ),L2X4,[O-2].[O-2],-4,,245
SOâ‚„ (sulphato-خ؛آ²O),X2,S(=O)([O-])([O-])=O,-2,,246
O=CMe(OH) (ethanoic acid-خ؛O),L,OC(C)=O,0,acetic acid,247
En (ethylenediamine),L2,C(N)CN,0,,248
Tren (tris(2-aminoethyl)amine-خ؛âپ´N),L4,N(CCN)(CCN)CCN,0,,249
Câ‚ˆHâ‚پâ‚†Oâ‚… (tetraethylene glycol-خ؛âپµO),L5,OCCOCCOCCOCCO,0,,250
=CHBuلµ— (t-butylmethylidene),X2,[CH-2]C(C)(C)C,-2,,251
Oâ‚‚PPhâ‚‚ (diphenylphosphinate-خ؛O),X,C1(C=CC=CC=1)P(C1C=CC=CC=1)([O-])=O,-1,,252
NCNCN (dicyanamidoâٹ–),L,N#C[N-]C#N,0,,253
=NSiMeâ‚ƒ (trimethylsilylimino),X2,[N-2][Si](C)(C)C,-2,,254
=NXy (xylylimino),X2,C1(C)C=CC=C(C)C=1[N-2],-2,,255
Sâ‚‚CPh (dithiobenzoato-خ؛آ²S),LX,C1C=CC=CC=1C([S-])=S,-1,,256
Câ‚…Hâ‚„Ph (خ·âپµ-phenylcyclopentadienyl),L2X,[CH-]1C(C2C=CC=CC=2)=CC=C1,-1,,257
"(CO)â‚„ (tetracarbonyl, (Câ‰،O)â‚„ octahedral cis â“ˆ)",L4Z3,[C-]#[O+].[C-]#[O+].[C-]#[O+].[C-]#[O+],3,,258
(O)â‚‚ (dioxo-cis Xâ‚„L â“ˆ),X4L,[O-2].[O-2],-4,,259
"(NO)â‚‚ (dinitrosyl, (Nâ‰،O)â‚‚ cis-octahedral â“ˆ)",L2X2Z,[O+]#N.[O+]#N,-1,,260
â­€NMe (â­€NMe methylimino),LX2,[N-2]C,-2,,261
(S)â‚„ (tetrathio Xâ‚ˆL â“ˆ),LX8,[S-2].[S-2].[S-2].[S-2],-8,,262
Meâ‚ƒSiOCâ‰،COSiMeâ‚ƒ (bistrimethylsiloxyethyne),L,C[Si](OC#CO[Si](C)(C)C)(C)C,0,,263
MeCâ‰،CMe (butyne),L,CC#CC,0,,264
"CSâ‚‚ (carbon disulfide-خ؛C,خ؛S)",L,C(=S)=S,0,,265
(Câ‚†Fâ‚…)Câ‰،C(Câ‚†Fâ‚…) (bis-pentafluorophenyl-ethyne),L,C1(F)C(F)=C(F)C(C#CC2C(F)=C(F)C(F)=C(F)C=2F)=C(F)C=1F,0,,266
Câ‚†Hâ‚„ (benzyne),L,C1C=CC#CC=1,0,,267
(MeOâ‚‚C)Câ‰،C(COâ‚‚Me) (dimethylacetylenedicarboxylate),L,C(C(OC)=O)#CC(=O)OC,0,,268
Cot (خ·âپ´-cyclooctatetraene),L2,"C1C=CC=CC=CC=1 |c:1,3,5,7|",0,,269
â‰،COSiPhâ‚ƒ (triphenylsiloxymethylidyne),X3,[C-3]O[Si](C1C=CC=CC=1)(C1C=CC=CC=1)C1C=CC=CC=1,-3,,270
Au(PPhâ‚ƒ) (triphenylphosphinogold),X,[Au][P-](C1C=CC=CC=1)(C1C=CC=CC=1)C1C=CC=CC=1,-1,,271
CNCy (cyclohexyl isocyanide),L,[C-]#[N+]C1CCCCC1,0,,272
PHâ‚‚Ph (phenylphosphane),L,PC1C=CC=CC=1,0,,273
CNPrâپ± (isopropyl isocyanide),L,[C-]#[N+]C(C)C,0,,274
GeHâ‚ƒ (germyl),X,[GeH3-],-1,,275
Oâ‚‚CEt (propanoato-خ؛O),X,CCC(=O)[O-],-1,,276
PbPhâ‚ƒ (triphenylplumbyl),X,[Pb-](C1C=CC=CC=1)(C1C=CC=CC=1)C1C=CC=CC=1,-1,,277
Câ‚†Clâ‚… (pentachlorophenyl),X,C1(Cl)[C-]=C(Cl)C(Cl)=C(Cl)C=1Cl,-1,,278
=NCl (chloroimino),X2,[N-2]Cl,-2,,279
NCâ‚„Hâ‚‚Meâ‚‚ (dimethylpyrrolyl),X,[N-]1C(C)=CC=C1C,-1,,280
SC(NHâ‚‚)â‚‚ (thiourea),L,S=C(N)N,0,,281
"OCâ‚†Hâ‚‚Buلµ—â‚ƒ-2,4,6 (tri-t-butylphenoxy-2,4,6)",X,C1(C(C)(C)C)C=C(C(C)(C)C)C=C(C(C)(C)C)C=1[O-],-1,,282
=CHPh (benzylidene),X2,C1C=CC([CH-2])=CC=1,-2,,283
FBFâ‚ƒ (tetrafluoroborate),L,B(F)(F)(F)F,0,,284
CNMe (methyl isocyanide),L,[C-]#[N+]C,0,,285
OCPhâ‚ƒ (triphenylmethoxy),X,C(C1C=CC=CC=1)(C1C=CC=CC=1)(C1C=CC=CC=1)[O-],-1,,286
â­€NMes (â­€NMes mesitylimino),LX2,[N-2]C1C(C)=CC(C)=CC=1C,-2,,287
NCâ‚„Hâ‚„ (pyrrolyl),X,[N-]1C=CC=C1,-1,,288
"[14]aneSâ‚„ (1,4,8,11-tetrathiocyclotetradecane-خ؛âپ´S)",L4,C1SCCSCCCSCCSCC1,0,,289
"[14]aneNâ‚„ (1,4,8,11-tetraazacyclotetradecane-خ؛âپ´N)",L4,C1CCNCCNCCCNCCN1,0,,290
NOâ‚‚ (nitrito-خ؛O),X,[O-]N=O,-1,,291
"[18]aneNâ‚† (1,4,7,10,13,16-hexaaza-cyclo-octadecane-خ؛âپ¶N)",L6,C1NCCNCCNCCNCCNCCNC1,0,,292
NHâ‚‚Me (methylamine),L,NC,0,,293
Câ‚…Hâ‚„(SiMeâ‚ƒ) (خ·âپµ-(trimethylsilyl)cyclopentadienyl),L2X,[CH-]1C([Si](C)(C)C)=CC=C1,-1,,294
Tol-p (p-tolyl),X,C1C=[C-]C=CC=1C,-1,,295
CHâ‚‚Ph (خ·آ³-benzyl),LX,C1C=CC=C([CH2-])C=1,-1,,296
Dmso (dimethylsulfoxide-خ؛S),L,CS(=O)C,0,,297
"Gly (glycinato-خ؛N,خ؛O)",LX,NCC([O-])=O,-1,,298
NHâ‚‚Buلµ— (t-butylamine),L,NC(C)(C)C,0,,299
"[10]aneNâ‚ƒ (1,4,7-triazacyclodecane-خ؛آ³N)",L3,N1CCNCCNCCC1,0,TACD,300
OC(H)CHC(H)O (propanedionato),LX,C([H])([CH-]C([H])=O)=O,-1,,301
"Edta-H (ethylenediaminetriacetato-acetic acid-خ؛آ²N,خ؛آ³O)",L2X3,C(NCC([O-])=O)CN(CC([O-])=O)CC([O-])=O,-3,,302
Seâ‚‚PPhâ‚‚ (diselenodiphenylphosphinato),LX,P([S-])(=S)(C1C=CC=CC=1)C1C=CC=CC=1,-1,,303
Sâ‚‚PEtâ‚‚ (dithiodiethylphosphinato),LX,P(CC)(CC)(=S)[S-],-1,,304
Sâ‚‚PMeâ‚‚ (dithiodimethylphosphinato),LX,P(C)(C)([S-])=S,-1,,305
Sâ‚‚PPhâ‚‚ (dithiodiphenylphosphinato),LX,P(C1C=CC=CC=1)(C1C=CC=CC=1)([S-])=S,-1,,306
Teâ‚„ (tetratellurido-خ؛آ²Te),X2,[Te-][Te][Te][Te-],-2,,307
Câ‚…Phâ‚… (خ·âپµ-pentaphenylcyclopentadienyl),L2X,[C-]1(C2C=CC=CC=2)C(C2C=CC=CC=2)=C(C2C=CC=CC=2)C(C2C=CC=CC=2)=C1C1C=CC=CC=1,-1,,308
Câ‰،CH (ethynyl),X,[C-]#C,-1,,309
Dien (diethylenetriamine-خ؛آ³N),L3,NCCNCCN,0,,310
"Tripod (1,1,1-tris-(dimethylphosphino)-methyl)-ethane)",L3,C(C)(CP(C)C)(CP(C)C)CP(C)C,0,,311
O=CH(NHâ‚‚) (formamido-خ؛O),L,O=CN,0,,312
SCâ‚†Fâ‚… (pentafluorothiophenyl),X,C1(F)C(F)=C(F)C(F)=C(F)C=1[S-],-1,,313
NEtHâ‚‚ (ethylamine),L,NCC,0,,314
"Tet (1,4,8,11-tetraazaundecane-خ؛âپ´N)",L4,NCCNCCCNCCN,0,,315
"[15]aneNâ‚„ (1,4,8,12-tetraazacyclopentadecane-خ؛âپ´N)",L4,C1CNCCNCCCNCCNC1,0,,316
Ttp (tetratolylporphyrin),L2X2,"C1=C2C(C3C=CC(C)=CC=3)=C3C=CC(C(C4C=CC(C)=CC=4)=C4C=CC(=C(C5C=CC(C)=CC=5)C5C=CC(=C(C6C=CC(C)=CC=6)C([N-]2)=C1)N=5)[N-]4)=N3 |c:27,40,t:23|",-2,,317
=NEt (ethylimino),X2,[N-2]CC,-2,,318
P(OMe)â‚ƒ (trimethylphosphite),L,P(OC)(OC)OC,0,,319
(O)â‚ƒ (trioxo Xâ‚†Lâ‚‚ â“ˆ),L2X6,[O-2].[O-2].[O-2],-6,,320
=CPhâ‚‚ (diphenylmethylidene),X2,[C-2](C1C=CC=CC=1)C1C=CC=CC=1,-2,,321
NHPrâپ± (isopropylamino: planar),LX,[NH-]C(C)C,-1,,322
(O)â‚„ (tetraoxo Xâ‚ˆL â“ˆ),LX8,[O-2].[O-2].[O-2].[O-2],-8,,323
Oâ‚‚CMe (acetato-خ؛O),X,C(=O)([O-])C,-1,,324
CNPh (phenyl isocyanide),L,[C-]#[N+]C1C=CC=CC=1,0,,325
PFâ‚† (hexafluorophosphato-خ؛F),L,P(F)(F)(F)(F)(F)F,0,,326
Nâ‚‚ (dinitrogen),L,N#N,0,,327
NCNHâ‚‚ (cyanamido),L,N#CN,0,,328
NCEt (ethylnitrile),L,N#CCC,0,,329
Câ‚…Hâ‚„Buلµ— (خ·âپµ-t-butyl-cyclopentadienyl),L2X,[CH-]1C=C(C(C)(C)C)C=C1,-1,,330
"â‰،CPh (phenylmethylidyne, benzylidyne)",X3,C1C=CC([C-3])=CC=1,-3,,331
â‰،CNPrâپ±â‚‚ (diisopropylaminomethylidyne),X3,[C-3]N(C(C)C)C(C)C,-3,,332
CS (thiocarbonyl),L,[S+]#[C-],0,,333
Câ‚†Etâ‚† (hexaethylbenzene),L3,C1(CC)C(CC)=C(CC)C(CC)=C(CC)C=1CC,0,,334
HCâ‰،CH (ethyne),L,C#C,0,,335
Asâ‚ƒ (triarsenido),X3,[As-]1[As-][As-]1,-3,,336
â‰،CNMeâ‚‚ (dimethylaminomethylidyne),X3,[C-3]N(C)C,-3,,337
"NS (thionitrosyl, linear)",LXZ,N#[S+],1,,338
â‰،CNEtâ‚‚ (diethylaminomethylidyne),X3,[C-3]N(CC)CC,-3,,339
P(OPh)â‚ƒ (triphenylphosphite),L,P(OC1C=CC=CC=1)(OC1C=CC=CC=1)OC1C=CC=CC=1,0,,340
â‰،CMe (ethylidyne),X3,[C-3]C,-3,,341
Cot (خ·âپ¶-cyclooctatetraene),L3,"C1C=CC=CC=CC=1 |c:1,3,5,7|",0,,342
COCFâ‚ƒ (trifluoroacetyl),X,[C-](C(F)(F)F)=O,-1,,343
CS (thiocarbonyl Xâ‚‚),X2,[C-2]=S,-2,,344
C(CHâ‚‚)â‚ƒ (خ·âپ´-trimethylenemethane),LX2,C=C([CH2-])[CH2-],-2,,345
=C=C=CPhâ‚‚ (diphenylallenylidene),X2,[C-2]=C=C(C1C=CC=CC=1)C1C=CC=CC=1,-2,,346
PCyâ‚ƒ (tricyclohexylphosphane),L,P(C1CCCCC1)(C1CCCCC1)C1CCCCC1,0,,347
Ru(CO)â‚‚Cp (dicarbonylcyclopentadienylruthenium),X,[Ru]1234(C5[C-]1C2=C3C=54)(C#O)C#O,-1,,348
Seâ‚‚ (perseleno-خ؛آ²Se),X2,[Se-][Se-],-2,,349
PHâ‚ƒ (phosphane),L,P,0,,350
C(OMe)Me (methoxymethylcarbene),L,COCC,0,,351
Dpae (bis(diphenylarsino)ethane-خ؛آ²As),L2,C([As](C1C=CC=CC=1)C1C=CC=CC=1)C[As](C1C=CC=CC=1)C1C=CC=CC=1,0,,352
Nbd (خ·âپ´-norbornadiene),L2,C1=CC2CC1C=C2,0,,353
"Se(Me)CHâ‚‚CHâ‚‚SeMe (2,5-diselenohexane-خ؛آ²Se)",L2,[Se](C)CC[Se]C,0,,354
AlCp* (pentamethylcyclopentadienylaluminium),L,[Al]123C4(C)=C1(C)C(C)C2(C)=C43C,0,,355
AsMeâ‚ƒ (trimethylarsane),L,[As](C)(C)C,0,,356
BiBuلµ—â‚ƒ (tri-t-buylbismuthane),L,[Bi](C(C)(C)C)(C(C)(C)C)C(C)(C)C,0,,357
BiMeâ‚ƒ (trimethylbismuthane),L,[Bi](C)(C)C,0,,358
BiPhâ‚ƒ (triphenylbismuthane),L,[Bi](C1C=CC=CC=1)(C1C=CC=CC=1)C1C=CC=CC=1,0,,359
CNCFâ‚ƒ (trifluoromethyl isocyanide),L,[C-]#[N+]C(F)(F)F,0,,360
CNH (hydrogen isocyanide),L,C#N,0,,361
C(NMeâ‚‚)Me (dimethylmethylaminocarbene),L,[C-](/C)=[N+](\C)/C,0,,362
C(OMe)Ph (methoxyphenylcarbene),L,C1(C=CC=CC=1)COC,0,,363
Cht (خ·âپ¶-cycloheptatriene),L3,C1=CC=CC=CC1,0,,364
C(NEtâ‚‚)Cl (diethylaminochlorocarbene),L,ClCN(CC)CC,0,,365
C(OCHâ‚‚CHâ‚‚CHâ‚‚) (2-oxocyclopentylidene),L,C1OCCC1,0,,366
C(OEt)Me (ethoxymethylcarbene),L,C(C)OCC,0,,367
C(OEt)SiPhâ‚ƒ (ethoxytriphenylsilylcarbene),L,C([Si](C1C=CC=CC=1)(C1C=CC=CC=1)C1C=CC=CC=1)OCC,0,,368
C(OH)Ph (hydroxyphenylcarbene),L,C(C1C=CC=CC=1)O,0,,369
C(SPh)Me (phenylthiomethylcarbene),L,CCSC1C=CC=CC=1,0,,370
GaBr(THF)â‚‚ (bromo-bis(tetrahydrofuran)gallium),L,[Ga](O1CCCC1)(O1CCCC1)Br,0,,371
GaCp (cyclopentadienylgallium),L,[C-]12[Ga]345C1=C3C4=C25,0,,372
GaCp* (pentamethylcyclopentadienylgallium),L,[C-]12([Ga]345C1(C)=C3(C)C4(C)=C25C)C,0,,373
InCp* (pentamethylcyclopentadienylindium),L,[In]1234C5(C)=C1(C)C2(C)=C3(C)[C-]54C,0,,374
NCNEtâ‚‚ (diethylcyanamide),L,N#CN(CC)CC,0,,375
PBrâ‚ƒ (tribromophosphane),L,P(Br)(Br)Br,0,,376
PClâ‚ƒ (trichlorophosphane),L,P(Cl)(Cl)Cl,0,,377
Pip (piperidine),L,C1CNCCC1,0,,378
SbMeâ‚ƒ (trimethylstibane),L,[Sb](C)(C)C,0,,379
SbPhâ‚ƒ (triphenylstibane),L,[Sb](C1C=CC=CC=1)(C1C=CC=CC=1)C1C=CC=CC=1,0,,380
SCMeâ‚‚ (thioacetone),L,CC(=S)C,0,,381
SHBuلµ— (t-butyl-thiol),L,SC(C)(C)C,0,,382
SOâ‚‚ (dioxo-sulfur-خ؛S),L,S(=O)=O,0,,383
SPMeâ‚ƒ (trimethylphosphane sulfide),L,P(=S)(C)(C)C,0,,384
GeClâ‚ƒ (trichlorogermyl),X,[Ge-](Cl)(Cl)Cl,-1,,385
GeIâ‚ƒ (triiodogermyl),X,[Ge-](I)(I)I,-1,,386
InBrâ‚ƒ (tribromoindane),Z,[In+](Br)(Br)Br,1,,387
InClâ‚ƒ (trichloroindane),Z,[In+](Cl)(Cl)Cl,1,,388
PCâ‚…Hâ‚… (phosphinine),L,C1C=CC=PC=1,0,,389
PhCâ‰،CPh (diphenylethyne Lâ‚‚),L2,C(C1C=CC=CC=1)#CC1C=CC=CC=1,0,,390
SnBrâ‚ƒ (tribromostannyl),X,[Sn-](Br)(Br)Br,-1,,391
SnClâ‚ƒ (trichlorostannyl),X,[Sn-](Cl)(Cl)Cl,-1,,392
CSe (selenocarbonyl),L,[C-]#[Se+],0,,393
C(OEt)Tol (ethoxytolylcarbene),L,O(CC)CC1C=CC(C)=CC=1,0,,394
"Cod (خ·آ²,خ·آ²-cycloocta-1,5-diene)",L2,"C1C=CCCC=CC1 |c:1,5|",0,,395
Hâ‚‚ (خ·آ²-dihydrogen),L,[HH],0,,396
PPrâپ±â‚ƒ (triisopropylphosphane),L,P(C(C)C)(C(C)C)C(C)C,0,,397
PBuâپ؟â‚ƒ (tri-n-butylphosphane),L,P(CCCC)(CCCC)CCCC,0,,398
CrOâ‚„ (chromato),L,[Cr]([O-])(=O)([O-])=O,-2,,399
Cy (cyclohexyl),X,C1CCC[CH-]C1,-1,,400
OCHBuلµ—â‚‚ (bis(t-butyl)-methoxy),X,[O-]C(C(C)(C)C)C(C)(C)C,-1,,401
C=CHPh (phenylvinylidene),X2,[C-2]=CC1C=CC=CC=1,-2,,402
"C=CHâ‚‚ (vinylidene, ethynylidene)",X2,[C-2]=C,-2,,403
OPMePhâ‚‚ (methyldiphenylphosphane oxide),L,P(=O)(C)(C1C=CC=CC=1)C1C=CC=CC=1,0,,404
Seâ‚„ (tetraseleno-خ؛آ²Se),X2,[Se-][Se][Se][Se-],-2,,405
Sâ‚† (hexasulfanediyl-خ؛آ²S),X2,[S-]SSSS[S-],-2,,406
ClOâ‚„ (perchlorato-خ؛O),X,O=Cl([O-])(=O)=O,-1,,407
OHEt (ethanol),L,CCO,0,,408
(â­€NMe)â‚‚ (di(â­€NMe methylimino) â“ˆ),LX2,[N-2]C,-2,,409
(â­€NBuلµ—)â‚ƒ (tri(â­€NBuلµ— t-butylimino) â“ˆ),LX2,[N-2]C(C)(C)C,-2,,410
MnOâ‚„ (tetraoxomanganese-خ؛O),X,[Mn](=O)(=O)(=O)[O-],-1,,411
Tren-Meâ‚† (tris(2-dimethylaminoethyl)amine-خ؛âپ´N),L4,N(CCN(C)C)(CCN(C)C)CCN(C)C,0,,412
O=C(NHMe)â‚‚ (dimethylurea),L,O=C(NC)NC,0,,413
"[14]aneNâ‚„-Meâ‚„ (tetramethyl-1,4,8,11-tetraazacyclotetradecane-خ؛âپ´N)",L4,C1N(C)CCCN(C)CCN(C)CCCN(C)C1,0,,414
Oâ‚‚CCâ‚†Hâ‚„(O)-o (salicylato-خ؛آ²O),X2,C1C=CC([O-])=C(C(=O)[O-])C=1,-2,,415
NCâ‚…Hâ‚„COâ‚‚ (isonicotinato-خ؛N),L,C1C=C(C([O-])=O)C=CN=1,-1,,416
O=CH(NMeâ‚‚) (dimethylformamido-خ؛O),L,O=CN(C)C,0,,417
Câ‚„Phâ‚„ (خ·âپ´-tetraphenylcyclobutadiene),L2,C1(C2C=CC=CC=2)C(C2C=CC=CC=2)=C(C2C=CC=CC=2)C=1C1C=CC=CC=1,0,,418
Pc (phthalocyaninato 2âٹ–),L2X2,"C12N=C3C4C=CC=CC=4C(N=C4[N-]C(=NC5C6C=CC=CC=6C(=NC(=C6C=CC=CC6=1)[N-]2)N=5)C1C=CC=CC4=1)=N3 |c:11,14,t:1,24|",-2,,421
"[14]aneNâ‚„ (1,4,7,10-tetraazacyclotetradecane-خ؛âپ´N)",L4,C1CNCCNCCCNCCNC1,0,,422
OHCHâ‚‚CHâ‚‚OH (ethanediol-خ؛آ²O),L2,OCCO,0,,423
12-crown-4 (12-crown-4-خ؛آ³O),L3,C1OCCOCCOCCOC1,0,,424
O=C(NHEt)â‚‚ (diethylurea),L,O=C(NCC)NCC,0,,425
"OC(S)Ph (thiobenzoate-خ؛O,خ؛S)",LX,[S-]C(C1C=CC=CC=1)=O,-1,,426
Cp-خ·آ³ (خ·آ³-cyclopentadienyl),LX,[CH-]1C=CC=C1,-1,,427
Câ‰،CSiEtâ‚ƒ (triethylsilylalkynyl),X,[C-]#C[Si](CC)(CC)CC,-1,,428
"Bpy (bipyridine-4,4')",L,N1C=CC(C2C=CN=CC=2)=CC=1,0,,429
SOâ‚‚ (dioxosulfur-خ؛O),L,S(=O)=O,0,,430
Nâ‚ƒ (خ¼â‚‚-azido),LX,[N-]=[N+]=[N-],-1,,431
"Bpy (خ¼â‚‚-bipyridine-4,4')",L,C1N=CC=C(C2C=CN=CC=2)C=1,0,,432
N(CH)â‚„N (خ¼â‚‚-pyrimidine),L2,N1C=NC=CC=1,0,,433
"(CO)â‚„ (tetracarbonyl, (Câ‰،O)â‚„ trigonal bipyramidal C3v â“ˆ)",L4Z2,[O+]#[C-].[C-]#[O+].[C-]#[O+].[C-]#[O+],0,,434
PPh(OMe)â‚‚ (dimethyl-phenyl-phosphonito),L,P(C1C=CC=CC=1)(OC)OC,0,,435
"(NO)â‚‚ (dinitrosyl, (Nâ‰،O)â‚‚ TBPY-eq â“ˆ)",LX,O=[N-].O=[N-],0,,436
C=CMeâ‚‚ (dimethylvinylidene),X2,[C-2]=C(C)C,-2,,437
=CFH (fluoromethylidene),X2,[CH-2]F,-2,,438
=CMeâ‚‚ (dimethylmethylidene),X2,[C-2](C)C,-2,,439
=CTolâ‚‚ (ditolylmethylidene),X2,C1(C=CC(C)=CC=1)[C-2]C1C=CC(C)=CC=1,-2,,440
PHPhâ‚‚ (diphenylphosphane),L,P(C1C=CC=CC=1)C1C=CC=CC=1,0,,441
"(CO)â‚… (pentacarbonyl, (Câ‰،O)â‚… trigonal bipyramidal â“ˆ)",L5Z2,[C-]#[O+].[C-]#[O+].[C-]#[O+].[C-]#[O+].[C-]#[O+],2,,442
Sâ‚‚CH (dithioformato-خ؛آ²S),LX,[S-]C=S,-1,,443
CHâ‚‚COMe (acetylmethyl),X,[CH2-]C(=O)C,-1,,444
CHâ‚‚(PPhâ‚ƒ) (triphenylphosphonium-ylide),X,[CH-]=P(C1C=CC=CC=1)(C1C=CC=CC=1)C1C=CC=CC=1,-1,,445
COPh (benzoyl),X,C1(C=CC=CC=1)[C-]=O,-1,,446
COâ‚‚Me (methoxycarbonyl),X,[C-](=O)OC,-1,,447
SC(NMeâ‚‚)â‚‚ (dimethylthiourea),L,S=C(N(C)C)N(C)C,0,,448
Fe(CO)â‚‚Cp (dicarbonylcyclopentadienyliron),X,[Fe]1234(C5C1=C2[C-]3C=54)(C#O)C#O,-1,,449
Mn(CO)â‚… (pentacarbonylmanganese),X,[Mn](C#O)(C#O)(C#O)(C#O)C#O,-1,,450
Dppp (bis-(diphenylphosphino)propane),L2,P(C1C=CC=CC=1)(C1C=CC=CC=1)CCCP(C1C=CC=CC=1)C1C=CC=CC=1,0,,451
"[10]aneSâ‚ƒ (1,4,7-trithiocyclodecane-خ؛آ³S)",L3,C1SCCCSCCSC1,0,,452
C(OH)Me (hydroxymethylcarbene),L,C[C-2]O,-2,,453
Re(CO)â‚… (pentacarbonylrhenium),X,[Re](C#O)(C#O)(C#O)(C#O)C#O,0,,454
CHO (formyl),X,[CH-]=O,-1,,455
C(OMe)H (methoxycarbene),L,[CH-2]OC,-2,,456
BiPhâ‚‚ (diphenylbismuthido),X,[Bi-](C1C=CC=CC=1)C1C=CC=CC=1,-1,,457
CNCâ‚†Fâ‚… (pentafluorophenyl isocyanide),L,[C-]#[N+]C1C(F)=C(F)C(F)=C(F)C=1F,0,,458
CNEt (ethyl isocyanide),L,[N+](#[C-])CC,0,,459
CHâ‚‚=C=CHâ‚‚ (allene),L,C=C=C,0,,460
C(NHâ‚‚)Me (aminomethylcarbene),L,[C-2](C)N,-2,,461
C(NHâ‚‚)Ph (aminophenylcarbene),L,[C-2](C1C=CC=CC=1)N,-2,,462
C(OEt)Ph (ethoxyphenylcarbene),L,[C-2](C1C=CC=CC=1)OCC,-2,,463
C(SPh)Ph (phenylthiophenylcarbene),L,S(C1C=CC=CC=1)[C-2]C1C=CC=CC=1,-2,,464
Câ‚ˆHâ‚پâ‚„ (خ·آ²-cyclooctene),L,C1CCCCCC=C1 |c:6|,0,,465
Câ‚ˆHâ‚پâ‚„ (cyclooctene),L,C1CCCCC=CC1 |c:5|,0,,466
"(NO)â‚‚ (dinitrosyl, (Nâ‰،O)â‚‚ tetrahedral â“ˆ)",L2X2,N#O.N#O,0,,467
PCyâ‚‚H (dicyclohexylphosphane),L,C1(PC2CCCCC2)CCCCC1,0,,468
SPhâ‚‚ (diphenylthioether),L,S(C1C=CC=CC=1)C1C=CC=CC=1,0,,469
Tcne (tetracyanoethene),L,C(/C#N)(\C#N)=C(\C#N)/C#N,0,,470
Cot (خ·آ²-cyclooctatetraene),L,"C1C=CC=CC=CC=1 |c:1,3,5,7|",0,,471
Nbd (خ·آ²-norbornadiene),L,C1C2C=CC1C=C2,0,,472
GaCpâ‚‚ (di-cyclopentadienyl-gallanyl),X,[Ga]12345678(C9[C-]1C2=C3C=94)C1=C5[C-]6C7=C18,-1,,473
"(NO)â‚„ (tetranitrosyl, (Nâ‰،O)â‚„ tetrahedral â“ˆ)",L6,N#O.N#O.N#O.N#O,0,,474
OTeFâ‚… (pentafluorooxytellurium),X,[Te]([O-])(F)(F)(F)(F)F,-1,,475
"(NO)â‚ƒ (trinitrosyl, (Nâ‰،O)â‚ƒ tetrahedral â“ˆ)",L4X,N#O.N#O.N#O,0,,476
SiPhâ‚ƒ (triphenylsilyl),X,[Si-](C1C=CC=CC=1)(C1C=CC=CC=1)C1C=CC=CC=1,-1,,477
TeClâ‚„ (tetrachloro-tellanyl),X,[Te-](Cl)(Cl)(Cl)Cl,-1,,478
Mo(CO)â‚ƒCp (tricarbonylcyclopentadienylmolybdenum),X,[Mo]1234([C-]5C1=C2C3=C54)(C#O)(C#O)C#O,-1,,479
SiMeâ‚ƒ (trimethylsilyl),X,[Si-](C)(C)C,-1,,480
18-crown-6 (18-crown-6-خ؛âپµO),L5,C1OCCOCCOCCOCCOCCOC1,0,,481
NO (nitrosyl X),X,[N-]=O,-1,,482
Oec (octaethylcorrelato),L2X2,"N1C2C=C3C=CC(=CC4C=CC(=CC5=CC=C(C1=CC=2)[N-]5)N=4)[N-]3 |t:2,6,11|",-2,,483
FSbFâ‚… (hexafluoroantimonato),L,[Sb](F)(F)(F)(F)(F)F,0,,484
Sâ‚‚CN(CHâ‚‚)â‚„ (tetramethylenedithiocarbamato-خ؛آ²S),LX,C1CCN(C([S-])=S)C1,-1,,485
"Diars (1,2-bis-(dimethylarsino)benzene-خ؛آ²As)",L2,C1C=CC=C([As](C)C)C=1[As](C)C,0,,486
"NO (nitrosylâٹ•, (Nâ‰،O)âٹ• bent MNO)",XZ,[N]=O,0,,487
NOâ‚‚ (nitro-خ؛N),X,[N+]([O-])=O |^1:0|,0,,488
Câ‚ƒPhâ‚ƒ (خ·آ³-triphenylcyclopropenyl),X3,C1(C2C=CC=CC=2)[C-](C2C=CC=CC=2)C=1C1C=CC=CC=1,-1,,489
Pyz (pyrazine),L,C1C=NC=CN=1,0,,490
Câ‚ˆHâ‚پâ‚ƒ (خ·آ³-cyclooctenyl),LX,C1CCC=C[CH-]CC1 |c:3|,-1,,491
Teâ‚‚ (pertellurido-خ؛Te),L,[Te]=[Te],0,,492
CSâ‚ƒ (thiocarbonato-خ؛Sآ²),X2,C([S-])([S-])=S,-2,,493
Câ‚„Hâ‚† (trimethylenemethane),LX2,C([CH2-])([CH2-])=C,-2,,494
Nâ‚‚Câ‚„Hâ‚† (1-methyl-1H-imidazole),L,C1N(C)C=CN=1,0,,495
=CClâ‚‚ (dichloromethylidene),X2,[C-2]=C(Cl)Cl,-2,,496
=CFâ‚‚ (difluoromethylidene),X2,[C-2]=C(F)F,-2,,497
=CHMe (methylmethylidene),X2,[C-2]=CC,-2,,498
GeEtâ‚ƒ (triethylgermyl),X,[Ge-](C)(C)C,-1,,499
SiFâ‚ƒ (trifluorosilyl),X,[Si-](F)(F)F,-1,,500
P(OEt)â‚ƒ (triethylphosphite),L,P(OCC)(OCC)OCC,0,,501
SiFâ‚‚Me (methyldifluorosilyl),X,[Si-](C)(F)F,-1,,502
SiMeâ‚‚Ph (dimethylphenylsilyl),X,[Si-](C1C=CC=CC=1)(C)C,-1,,503
Cr(CO)â‚… (pentacarbonylchromium),Z,[Cr+](C#O)(C#O)(C#O)(C#O)C#O,1,,504
"Dppen (1,2-bis-(diphenylphosphino)ethene)",L2,C(/P(C1C=CC=CC=1)C1C=CC=CC=1)=C/P(C1C=CC=CC=1)C1C=CC=CC=1,0,,505
Dmg-H (dimethylglyoximato),LX,C(/C)(=N/O)\C(\C)=N\[O-],-1,,506
W(CO)â‚… (pentacarbonyltungsten),Z,[W+](C#O)(C#O)(C#O)(C#O)C#O,1,,507
HgBr (bromomercury),X,Br[Hg],1,,508
Oâ‚‚CBuلµ— (pivalato-خ؛O),X,O(C(C)(C)C)[C-]=O,-1,,509
TePhâ‚‚ (diphenyltellurane),L,[Te](C1C=CC=CC=1)C1C=CC=CC=1,0,,510
"Tpm* (tris(3,5-dimethylpyrazolyl)methane-خ؛آ³N)",L3,C(N1C(C)=CC(C)=N1)(N1C(C)=CC(C)=N1)N1C(C)=CC(C)=N1,0,,511
"CH(SCHâ‚‚CHâ‚‚S) (2,5-dithiacyclopentyl)",X,C1(C)SCCS1,-1,,512
CHâ‚‚Cl (chloromethyl),X,[CH2-]Cl,-1,,513
CHâ‚‚COâ‚‚H (carboxylmethyl),X,[CH2-]C(O)=O,-1,,514
CHâ‚‚OMe (methoxymethyl),X,[CH2-]OC,-1,,515
CHâ‚‚(SMe)â‚‚ (dithiomethyl-methyl),X,[S+]([CH2-])(C)C,0,,516
SOâ‚ƒ (trioxosulfur-خ؛S Z),Z,[S+](=O)([O-])=O,0,,517
COBz (p-benzyloyl),X,C1C=CC=C(C[C-]=O)C=1,-1,,518
COEt (propionyl),X,CC[C-]=O,-1,,519
Câ‚„Hâ‚„ (خ·âپ´-cyclobutadiene),LX2,C1=CC=C1,0,,520
AlPhâ‚ƒ (triphenylaluminium),Z,[Al](C1C=CC=CC=1)(C1C=CC=CC=1)C1C=CC=CC=1,0,,521
C(SMe)Me (methylthiomethylcarbene),L,S([C-2]C)C,-2,,522
C(SPh)H (phenylthiocarbene),L,[CH-2]SC1C=CC=CC=1,-2,,523
EtCâ‰،CEt (hexyne),L,C(CC)#CCC,0,,524
NHâ‚‚Prâپ± (isopropylamine),L,C(N)(C)C,0,,525
O=C(Câ‚†Hâ‚†) (tropone-خ؛O),L,C1=CC=CC=CC1=O,0,,526
NNPh (phenyldiazo),LX,C1C=CC=C(N=[N-])C=1,-1,,527
SMeâ‚‚ (dimethylthioether),L,S(C)C,0,,528
TeMeâ‚‚ (dimethyltellurane),L,[Te](C)C,0,,529
Osâ‚‚(CO)â‚ˆ (bis-tetracarbonylosmium Xâ‚‚),X2,[Os](C#O)(C#O)(C#O)(C#O)[Os](C#O)(C#O)(C#O)C#O,0,,530
Ruâ‚‚(CO)â‚ˆ (di{tetracarbonylruthenium Xâ‚‚}),X2,[Ru](C#O)(C#O)(C#O)(C#O)[Ru](C#O)(C#O)(C#O)C#O,0,,531
"(CO)â‚„ (tetracarbonyl, (Câ‰،O)â‚„ tetrahedral â“ˆ)",L4Z2,C#O.C#O.C#O.C#O,0,,532
Câ‚…Hâ‚„(COMe) (خ·âپµ-acetylcyclopentadienyl),L2X,[CH-]1C(C(=O)C)=CC=C1,-1,,533
Cr(CO)â‚ƒCp (tricarbonylcyclopentadienylchromium),X,[Cr]1234(C5[C-]1C2=C3C=54)(C#O)(C#O)C#O,0,,534
"Câ‚†Hâ‚‚Buلµ—â‚ƒ (2,4,6-tri-t-butylphenyl)",X,C1(C(C)(C)C)C=C(C(C)(C)C)C=C(C(C)(C)C)[C-]=1,-1,,535
H (â†¼L agostic type),L,[H-],-1,,536
=Câ‚‡Hâ‚† (cycloheptatrienylidene),L,C1=CC=CC=C[C-2]1,-2,,537
GaBuلµ—â‚‚ (di-t-butylgallanyl),X,[Ga](C)(C(C)(C)C)C(C)(C)C,-1,,538
GaIâ‚ƒ (triiodo-gallane),Z,[Ga](I)(I)I,0,,539
HgIâ‚‚ (diiodomercury),Z,[Hg](I)I,0,,540
CNTol (tolyl isocyanide),L,C1C=C(C)C=CC=1[N+]#[C-],0,,541
"C(OCHâ‚‚CHâ‚‚CMeâ‚‚) (2-oxo-3,3-dimethylcyclopentylidene)",L,[O+]1=[C-]C(C)(C)CC1,0,,542
Câ‚…Hâ‚ƒMeâ‚‚ (خ·âپµ-dimethylcyclopentadienyl),L2X,[CH-]1C(C)=CC=C1C,-1,,543
NCBr (bromocyano),L,N#CBr,0,,544
OCHâ‚‚ (formaldehyde-خ؛O),L,C=O,0,,545
OPy (Pyridine-N-oxide),L,C1C=CC=C[N+]=1[O-],0,,546
P(CFâ‚ƒ)â‚‚ (bis(trifluoromethyl)phosphanyl),X,C([P-]C(F)(F)F)(F)(F)F,-1,,547
Sb(SiMeâ‚ƒ)â‚‚ (bis-trimethylsilyl-stibanyl),X,[Sb-]([Si](C)(C)C)[Si](C)(C)C,-1,,548
SC(NHMe)â‚‚ (methylthiourea),L,C(NC)(NC)=S,0,,549
SHPh (phenylthiol),L,C1C=CC=CC=1S,0,,550
SnIâ‚ƒ (triiodostannyl),X,[Sn-](I)(I)I,-1,,551
C(OCOMe)Ph (acetoxyphenylcarbene),L,C1C=CC=C([C-2]OC(=O)C)C=1,-2,,552
C(OCOPh)Ph (benzoyloxyphenylcarbene),L,C1(C=CC=CC=1)[C-2]OC(=O)C1C=CC=CC=1,-2,,553
Dppm (bis-(diphenylphosphino)methane-خ؛P),L,P(C1C=CC=CC=1)(C1C=CC=CC=1)CP(C1C=CC=CC=1)C1C=CC=CC=1,0,,554
Sâ‚‚P(OEt)â‚‚ (diethyldithiophosphato-خ؛S),X,P(OCC)([S-])(OCC)=S,-1,,555
(CO)â‚ƒ (tri-خ¼â‚‚-carbonyl Xâ‚„Lâ‚‚ â“ˆ),LX2,[C-]#[O+].[C-]#[O+].[C-]#[O+],0,,556
PEtPhâ‚‚ (ethyldiphenylphosphane),L,P(CC)(C1C=CC=CC=1)C1C=CC=CC=1,0,,557
[16]aneSâ‚„ (tetrathiacyclo-hexadecane-خ؛âپ´S),L4,C1SCCCSCCCSCCCSCC1,0,,558
Te(SiMeâ‚ƒ)â‚ƒ (tris-trimethylsilyl-telluryl),X,[Te-]([Si](C)(C)C)([Si](C)(C)C)[Si](C)(C)C,-1,,559
NHâ‚‚NHâ‚ƒ (hydrazinium),L,[NH3+]N,1,,560
BCp* (pentamethylcyclopentadienylboron),L,[C-]12(B345C(C)(C3(C)=C14C)=C25C)C,0,,561
Câ‚†Hâ‚ˆ (cyclohexadiene),L2,C1=CCCC=C1,0,,562
PBuلµ—â‚ƒ (tri-t-butylphosphane),L,P(C(C)(C)C)(C(C)(C)C)C(C)(C)C,0,,563
PTol-oâ‚ƒ (tri-o-tolylphosphane),L,P(C1C(C)=CC=CC=1)(C1C(C)=CC=CC=1)C1C(C)=CC=CC=1,0,,564
SbBuلµ—â‚ƒ (tri-t-butylstibane),L,[Sb](C(C)(C)C)(C(C)(C)C)C(C)(C)C,0,,565
"Dmpm (1,2-bis-(dimethylphosphino)methane-خ؛P)",L,C(P(C)C)P(C)C,0,,566
"Dmpm (1,2-bis-(dimethylphosphino)methane-خ؛آ²P)",L2,C(P(C)C)P(C)C,0,,567
Prâپ؟ (propyl),X,[CH2-]CC,-1,,568
S(CHâ‚‚)â‚„S (dithiane-خ؛S),L,S1CCCSC1,0,,569
CFâ‚‚=C=CFâ‚‚ (tetrafluoroallene),L,C(F)(F)=C=C(F)F,0,,570
O=CCâ‚†Hâ‚† (خ·âپ´-tropone),L2,C1=CC=CC=CC1=O,0,,571
OCCâ‚„Hâ‚„ (خ·âپ´-cyclopentadieneone),L2,C1(=O)C=CC=C1,0,,572
Cod (خ·آ²-cyclooctadiene),L2,"C1CCC=CCCC=1 |c:3,7|",0,,573
"SCâ‚†Hâ‚‚Mesâ‚ƒ-2,4,6 (tri-mesitylphenylthio)",X,C1(C2C(C)=CC(C)=CC=2C)C=CC=C(C2C(C)=CC(C)=CC=2C)C=1[S-],0,,574
"SC(Me)CHC(Me)S (pentane-2,4-dithionato)",LX,C/C(/[S-])=C/C(=S)C,-1,,575
NCâ‚‰Hâ‚‡ (quinoline-خ؛N),L,C1C=CC2C=CC=CC=2N=1,0,,576
NHâ‚‚Ph (aniline),L,C1C=CC=CC=1N,0,,577
ONMeâ‚ƒ (trimethylnitrogen oxide),L,C[N+]([O-])(C)C,0,,578
SC(NHEt)â‚‚ (ethylthiourea),L,S=C(NCC)NCC,0,,579
PBuلµ—â‚‚H (di-t-butylphosphane),L,P(C(C)(C)C)C(C)(C)C,0,,580
PEtâ‚‚Ph (diethylphenylphosphane),L,P(CC)(C1C=CC=CC=1)CC,0,,581
SC(NH)â‚‚(CHâ‚‚)â‚‚ (ethylenethiourea),L,N1CCNC1=S,0,,582
SAsMeâ‚ƒ (trimethylarsane sulfide),L,S=[As](C)(C)C,0,,583
PFâ‚‚Ph (difluorophenylphosphane),L,P(C1C=CC=CC=1)(F)F,0,,584
CClâ‚‚H (dichloromethyl),X,[CH-](Cl)Cl,-1,,585
CHâ‚‚Br (bromomethyl),X,[CH-](Br)Br,-1,,586
PPentâ‚ƒ (tripentylphosphane),L,P(CCCCC)(CCCCC)CCCCC,0,,587
CHâ‚‚CN (cyanomethyl),X,[CH2-]C#N,-1,,588
"NHâ‚‚CHMeCHâ‚‚NHâ‚‚ (1,2-diaminopropane)",L2,C(N)C(N)C,0,,589
"Tn (1,3-diaminopropane)",L2,C(N)CCN,0,,590
SSOâ‚ƒ (thiosulphato-خ؛S),X,S([O-])(=O)([S-])=O,-2,,591
Trien (triethylenetetramine-خ؛âپ´N),L4,NCCNCCNCCN,0,,592
balamin (balamin),L3X2,"CC1C(C)=CC2N([C@H]3O[C@H](CO)[C@@H](OP(O[C@H](CNC(CC[C@]4(C)[C@@H](CC(N)=O)[C@H]5[N-]C4=C(C)C4=NC(C(C)(C)[C@@H]4CCC(N)=O)=CC4=NC([C@](CC(N)=O)(C)[C@@H]4CCC(N)=O)=C(C)C4=N[C@]5(C)[C@](CC(N)=O)(C)[C@@H]4CCC(N)=O)=O)C)([O-])=O)[C@H]3O)C=NC=2C=1 |c:32,47,t:64|",-2,,593
Câ‚…EtMeâ‚„ (خ·âپµ-ethyltetramethylcyclopentadienyl),L2X,[C-]1(CC)C(C)=C(C)C(C)=C1C,-1,,594
HgClâ‚‚ (dichloromercury),Z,[Hg](Cl)Cl,0,,595
COâ‚ƒ (carbonato-خ؛O),X,C(=O)([O-])[O-],-2,,596
Câ‚„Meâ‚„ (خ·âپ´-tetramethylcyclobutadiene),LX2,C1(C)[C-](C)=C(C)[C-]=1C,-2,,597
(CHâ‚‚)â‚‚PMeâ‚‚ (dimethylphosphino-bis-ylide),X2,[P+]([CH2-])([CH2-])(C)C,-1,,598
NEtâ‚‚H (diethylamine),L,N(CC)CC,0,,599
"NHâ‚‚CHMeCHMeNHâ‚‚ (2,2'-dimethyl-1,2-diaminoethane)",L2,C(C)(N)C(C)N,0,,600
Ox (oxalato-خ؛O),X,[O-]C(=O)C(=O)[O-],-2,,601
POâ‚„ (phosphato-خ؛آ²O),X2,P([O-])([O-])([O-])=O,-3,,602
SCN (thiocyanato-خ؛S),X,[S-]C#N,-1,,603
SeCN (selenocyanato),X,[Se-]C#N,-1,,604
"SSOâ‚ƒ (thiosulphato-خ؛O,خ؛S)",X2,S([O-])(=O)([S-])=O,-2,,605
Sâ‚‚CNHâ‚‚ (dithiocarbamato-خ؛آ²S),LX,C([S-])(=S)N,-1,,606
Sâ‚‚Câ‚‚Oâ‚‚ (dithio-oxalato-خ؛آ²S),X2,C([S-])(=O)C(=O)[S-],-2,,607
Sâ‚‚P(OEt)â‚‚ (diethyldithiophosphate),LX,P(OCC)(=S)(OCC)[S-],-1,,608
Câ‚…Hâ‚„(COâ‚‚H) (خ·âپµ-carboxycyclopentadienyl),L2X,[CH-]1C(C(=O)O)=CC=C1,-1,,609
Câ‚…Hâ‚„(COâ‚‚Me) (خ·âپµ-methoxycarbonylcyclopentadienyl),L2X,[CH-]1C(C(=O)OC)=CC=C1,-1,,610
Cot (دƒآ²-خ·آ²-cyclooctatetraene),LX2,"C1C=CC=CC=CC=1 |c:1,3,5,7|",0,,611
Câ‚„Hâ‚† (دƒآ²-خ·آ²-butadiene),LX2,C1C=CC=1,0,,612
â‰،CEt (propylidyne),X3,[C-3]CC,-3,,613
GH (glyoximato),LX,N(/O)=C\C=N\[O-],-1,,614
"Tet (1,5,8,12-tetraazadodecane-خ؛âپ´N)",L4,NCCCNCCNCCCN,0,,615
"CHPh=CHPh (1,2-diphenylethene)",L,C(/C1C=CC=CC=1)=C/C1C=CC=CC=1,0,,616
Câ‚†Phâ‚† (hexaphenylbenzene),L3,C1(C2C=CC=CC=2)C(C2C=CC=CC=2)=C(C2C=CC=CC=2)C(C2C=CC=CC=2)=C(C2C=CC=CC=2)C=1C1C=CC=CC=1,0,,617
Ge(SiMeâ‚ƒ)â‚ƒ (tris(trimethylsilyl)germyl),X,[Ge-]([Si](C)(C)C)([Si](C)(C)C)[Si](C)(C)C,-1,,618
HgCl (chloromercury),X,[Hg]Cl,0,,619
SnBuلµ—â‚ƒ (tri-t-butylstannyl),X,[Sn-](C(C)(C)C)(C(C)(C)C)C(C)(C)C,-1,,620
PTolâ‚ƒ (tritolylphosphane),L,P(C1C=CC(C)=CC=1)(C1C=CC(C)=CC=1)C1C=CC(C)=CC=1,0,,621
"(PPhâ‚‚)â‚‚Câ‚†Hâ‚„ (1,2-bis-(diphenylphosphino)benzene)",L2,C1C=CC=C(P(C2C=CC=CC=2)C2C=CC=CC=2)C=1P(C1C=CC=CC=1)C1C=CC=CC=1,0,,622
C(OEt)Et (ethoxyethylcarbene),L,C(C)[C-2]OCC,-2,,623
NOMe (methylnitrosyl),L,[N-]=[O+]C,0,,624
SbClâ‚‚ (dichlorostibanyl),X,[Sb-](Cl)Cl,-1,,625
Câ‚„Hâ‚‚Phâ‚„ (خ·âپ´-tetraphenylbutadiene),L2,C(/C1C=CC=CC=1)=C(/C1C=CC=CC=1)\C(\C1C=CC=CC=1)=C\C1C=CC=CC=1,0,,626
OCâ‚„(CFâ‚ƒ)â‚„ (خ·âپ´-tetrakis(trifluoromethyl)cyclopentadieneone),L2,C1(=O)C(C(F)(F)F)=C(C(F)(F)F)C(C(F)(F)F)=C1C(F)(F)F,0,,627
"HCâ‰،CH (خ¼â‚‚-خ·آ²,خ·آ²-ethyne)",L,C#C,0,,628
Meâ‚ƒCCâ‰،CCMeâ‚ƒ (di-t-butyl-ethyne Lâ‚‚),L2,C(C(C)(C)C)#CC(C)(C)C,0,,629
"PhCâ‰،CPh (خ¼â‚‚-خ·آ²,خ·آ²-diphenylethyne)",L,C(C1C=CC=CC=1)#CC1C=CC=CC=1,0,,630
Oâ‚‚ (dioxygen),L,O=O,0,,631
N(H)COMe (acetamido-خ؛N),X,[NH-]C(=O)C,-1,,632
NSF (fluorothioimino),L,[N-2]SF,-2,,633
SeOâ‚ƒ (trioxo-selenium-خ؛Se Z),Z,[Se](=O)(=O)=O,0,,634
"OC(CFâ‚ƒ)â‚‚C(CFâ‚ƒ)â‚‚O (tetrakis-trifluoromethyl-ethanediolato-خ؛O,خ؛O)",X2,C(C(F)(F)F)(C(F)(F)F)([O-])C(C(F)(F)F)(C(F)(F)F)[O-],-2,,635
Nor (1-norbornyl),X,C12C[C-](CC1)CC2,-1,,636
Seâ‚‚CNEtâ‚‚ (diethyldiselenocarbamato-خ؛آ²Se),LX,[Se-]C(N(CC)CC)=[Se],-1,,637
Sâ‚‚P(OMe)â‚‚ (dimethyldithiophosphate),LX,P(OC)([S-])(OC)=S,-1,,638
Sâ‚„ (tetrasulfanediyl-خ؛آ²S),X2,[S-]SS[S-],-2,,639
(CHâ‚‚)â‚„ (tetramethylene-خ؛آ²C),X2,[CH2-]CC[CH2-],-2,,640
CSâ‚‚O (dithiocarbonato-خ؛Sآ²),X2,[S-]C(=O)[S-],-2,,641
Câ‚†Hâ‚„-Câ‚†Hâ‚„ (biphenyl-خ؛Cآ²),X2,C1C=C[C-]=C(C2[C-]=CC=CC=2)C=1,-2,,642
"PBuلµ—â‚‚Câ‚‚Hâ‚„PBuلµ—â‚‚ (1,2-bis-(di-t-butylphosphino)ethane)",L2,P(CCP(C(C)(C)C)C(C)(C)C)(C(C)(C)C)C(C)(C)C,0,,643
"NMeâ‚‚CHâ‚‚CHâ‚‚CHâ‚‚NMeâ‚‚ (1,3-bis(dimethylamino)propane)",L2,N(C)(C)CCCN(C)C,0,,644
PBuلµ—â‚‚F (di-t-butyl-fluoro-phosphane),L,P(F)(C(C)(C)C)C(C)(C)C,0,,645
"PBuلµ—â‚‚CHâ‚‚PBuلµ—â‚‚ (1,2-bis-(di-t-butylphosphino)methane)",L2,C(P(C(C)(C)C)C(C)(C)C)P(C(C)(C)C)C(C)(C)C,0,,646
Sn(CH{SiMeâ‚ƒ}â‚‚)â‚‚ (bis(bis-trimethylsilyl-methyl)-stannene),X2,[Sn-2](C([Si](C)(C)C)[Si](C)(C)C)C([Si](C)(C)C)[Si](C)(C)C,-2,,647
MoSâ‚„ (tetrathiomolybdenum XL),LX,[S-][Mo](=S)(=S)[S-],-2,,648
NC (isocyano-خ؛N),X,N#[C-],-1,,649
Por (porphyrin),L2X2,"C12C=C3N=C(C=C4[N-]C(=CC5=NC(=CC([N-]1)=CC=2)C=C5)C=C4)C=C3 |c:5,12|",-2,,650
SC(O)Me (thioacetato-خ؛S),X,[S-]C(=O)C,-1,,651
Câ‚†Hâ‚„Ph (p-phenyl-phenyl),X,C1C=C(C2C=CC=CC=2)C=C[C-]=1,-1,,652
PBzâ‚ƒ (tribenzylphosphane),L,P(CC1C=CC=CC=1)(CC1C=CC=CC=1)CC1C=CC=CC=1,0,,653
S(CHâ‚‚)â‚„S (dithiane-خ؛آ²S),L,C1CSCCS1,0,"1,4-dithiane, p-dithiane",654
CCl=CClâ‚‚ (trichlorovinyl),X,[C-](/Cl)=C(/Cl)\Cl,-1,,655
"NCâ‚…Hâ‚ƒMeâ‚‚ (2,6-dimethylpyridine)",L,C1(C)C=CC=C(C)N=1,0,,656
NHPh (phenylamino),X,C1C=CC=CC=1[NH-],-1,,657
N(CHâ‚‚)â‚… (piperidinato),X,C1CCCC[N-]1,-1,,658
Pâ‚ƒ (triphosphido),X3,[P-]1[P-][P-]1,-3,,659
"COâ‚‚ (carbon dioxide-خ؛C,خ؛O)",L,O=C=O,0,,660
C(PPhâ‚ƒ)â‚‚ (carbodiphosphorane),L,C(=P(C1C=CC=CC=1)(C1C=CC=CC=1)C1C=CC=CC=1)=P(C1C=CC=CC=1)(C1C=CC=CC=1)C1C=CC=CC=1,0,,661
"HOCHâ‚‚Câ‰،CCHâ‚‚OH (2-butyne-1,4-diol)",L,OCC#CCO,0,,662
"MeOCHâ‚‚Câ‰،CCHâ‚‚OMe (1,4-dimethoxybut-2-yne)",L,O(C)CC#CCOC,0,,663
Meâ‚ƒSiCâ‰،CPh (trimethylsilyl-phenyl-ethyne),L,C(C1C=CC=CC=1)#C[Si](C)(C)C,0,,664
O=C(CFâ‚ƒ)â‚‚ (hexafluoroacetone),L,C(F)(F)(F)C(=O)C(F)(F)F,0,,665
Câ‚‡Hâ‚پâ‚€ (خ·آ²-norbornene),L,C12CC(CC1)C=C2,0,,666
"خ·آ²,خ·آ²,خ·آ²-Câ‚پâ‚‚Hâ‚پâ‚ˆ (خ·آ²,خ·آ²,خ·آ²-cyclododecatriene)",L3,"C1CCC=CCCC=CCCC=1 |c:11,t:3,7|",0,,667
[15]aneSâ‚… (pentathiacyclo-pentadecane-خ؛âپµS),L5,C1SCCSCCSCCSCCSC1,0,,668
SiEtâ‚ƒ (triethylsilyl),X,[Si-](CC)(CC)CC,-1,,669
"NCâ‚…Hâ‚ƒMeâ‚‚ (3,5-diimethylpyridine)",L,C1C(C)=CC(C)=CN=1,0,,670
NHTol (tolylamino),X,C1C=C(C)C=CC=1[NH-],-1,"p-tolylamino, 4-tolylamino",671
SeMes (mesitylselenyl),X,C1(C)C=C(C)C=C(C)C=1[Se-],-1,,672
NO (خ·آ²-nitrosyl),LX,[N-]=O,-1,,673
"[13]aneNâ‚„ (1,4,7,10-tetraazacyclotridecane-خ؛âپ´N)",L4,N1CCNCCNCCNCCC1,0,,674
GaC(SiMeâ‚ƒ)â‚ƒ (tris(trimethylsilyl)methyl-gallium),L,[Ga-2]C([Si](C)(C)C)([Si](C)(C)C)[Si](C)(C)C,-2,,675
InC(SiMeâ‚ƒ)â‚ƒ (tris(trimethylsilyl)methyl-indium),L,[In-2]C([Si](C)(C)C)([Si](C)(C)C)[Si](C)(C)C,-2,,676
NCSiMeâ‚ƒ (trimethylsilylnitrile),L,N#C[Si](C)(C)C,0,,677
PHâ‚‚Mes (mesitylphosphane),L,PC1C(C)=CC(C)=CC=1C,0,,678
"(NMeâ‚‚)â‚‚Câ‚†Hâ‚„ (1,2-bis{methylamino}benzene)",L2,C1C=CC=C(N(C)C)C=1N(C)C,0,,679
"S(Me)CHâ‚‚CHâ‚‚SMe (2,5-dithiahexane-خ؛آ²S)",L2,S(C)CCSC,0,,680
Oâ‚‚CCâ‚†Hâ‚„(OH)-o (salicylato-خ؛O),X,C1C=CC(O)=C(C(=O)[O-])C=1,-1,,681
"[12]aneSâ‚ƒ (1,5,9-trithiocyclododecane-خ؛آ³S)",L3,C1CSCCCSCCCSC1,0,,682
"Tea (triethanolamine-خ؛N,خ؛آ²O)",L3,N(CCO)(CCO)CCO,0,,683
NOâ‚‚ (nitrito-خ؛آ²O),LX,[O-]N=O,-1,,684
"[18]aneSâ‚† (1,4,7,10,13,16-hexathiacyclo-octadecane-خ؛âپ¶S)",L6,C1SCCSCCSCCSCCSCCSC1,0,,685
OPCyâ‚ƒ (tricyclohexylphosphane oxide),L,P(C1CCCCC1)(C1CCCCC1)(C1CCCCC1)=O,0,,686
Câ‚…HPhâ‚„ (خ·âپµ-tetraphenylcyclopentadienyl),L2X,[CH-]1C(C2C=CC=CC=2)=C(C2C=CC=CC=2)C(C2C=CC=CC=2)=C1C1C=CC=CC=1,-1,,687
"NHEtCHâ‚‚CHâ‚‚NHEt (1,3-bis(ethylamino)ethane)",L2,CCNCCNCC,0,,688
"[16]aneNâ‚„ (1,4,7,10-tetraazacyclohexadodecane-خ؛âپ´N)",L4,N1CCNCCNCCCCCCNCC1,0,,689
TEEDA (tetraethylethylenediamine),L2,C(N(CC)CC)CN(CC)CC,0,,690
"[16]aneNâ‚„ (1,5,9,13-tetraazacyclohexadodecane-خ؛âپ´N)",L4,C1CNCCCNCCCNCCCNC1,0,,691
SC(NEtâ‚‚)â‚‚ (diethylthiourea),L,N(CC)(CC)C(=S)N(CC)CC,0,kappa S,692
OC(H)Câ‚†Hâ‚„(O)-o (salicylaldehydato-خ؛آ²O),LX,C1C=CC([O-])=C(C(=O)[H])C=1,-1,,693
NPhâ‚‚ (diphenylamino),X,C1(C=CC=CC=1)[N-]C1C=CC=CC=1,-1,,694
Sâ‚‚Câ‚‚(CN)â‚‚ (dicyano-ethylene-dithiolate-خ؛آ²S),X2,[S-]/C(/C#N)=C(/C#N)\[S-],-2,,695
Câ‚ˆHâ‚پâ‚‚ (cyclooctyne),L,C1CCCCC#CC1,0,,696
Câ‚‚Fâ‚… (perfluoroethyl),X,[C-](F)(F)C(F)(F)F,-1,,697
Ge(Câ‚†Fâ‚…)â‚ƒ (tri(pentaflorophenyl)germyl),X,[Ge-](C1C(F)=C(F)C(F)=C(F)C=1F)(C1C(F)=C(F)C(F)=C(F)C=1F)C1C(F)=C(F)C(F)=C(F)C=1F,-1,,698
N(SOâ‚‚CFâ‚ƒ)â‚‚ ((dioxo(trifluoromethyl)sulfonato)amino),X,S(=O)(=O)(C(F)(F)F)[N-]S(=O)(=O)C(F)(F)F,-1,,699
NHâ‚‚Cy (cyclohexylamine),L,C1CCCC(N)C1,0,,700
Bi(SiMeâ‚ƒ)â‚‚ (bis-trimethylsilyl-bismuthido),X,[Bi-]([Si](C)(C)C)[Si](C)(C)C,-1,,701
Phen-Meâ‚‚ (phenanthroline-Meâ‚‚),L2,C1C2C=CC(C)=NC=2C2N=C(C)C=CC=2C=1,0,,702
"[12]aneSâ‚„ (1,4,7,10-tetrathiacyclododecane-خ؛آ³S)",L3,C1CSCCSCCSCCS1,0,,703
SCMe(NHâ‚‚) (thioacetamide-خ؛S),L,NC(=S)C,0,,704
PPrâپ؟â‚ƒ (tri-n-propylphosphane),L,P(CCC)(CCC)CCC,0,,706
SSiMeâ‚ƒ (trimethylsilyl-sulfanyl),X,[S-][Si](C)(C)C,-1,,707
TeSiMeâ‚ƒ (trimethylsilyl-tellanyl),X,[Te-][Si](C)(C)C,-1,,708
COâ‚‚(OH) (hydrogencarbonato-خ؛O),X,C(O)([O-])=O,-1,,709
15-crown-5 (15-crown-5-خ؛آ³O),L3,C1OCCOCCOCCOCCOC1,0,,710
"[12]aneSâ‚„ (1,4,7,10-tetrathiacyclododecane-خ؛âپ´S)",L4,C1SCCSCCSCCSC1,0,,711
15-crown-5 (15-crown-5-خ؛âپ´O),L4,C1OCCOCCOCCOCCOC1,0,,712
N(CH)â‚„N (pyrimidine),L,N1C=CC=NC=1,0,,713
PMesâ‚ƒ (trimesitylphosphane),L,P(C1C(C)=CC(C)=CC=1C)(C1C(C)=CC(C)=CC=1C)C1C(C)=CC(C)=CC=1C,0,,714
(OC)â‚…ReCâ‰،CRe(CO)â‚… (bis-(pentacarbonylrhenium)ethyne),L,C([Re](C#O)(C#O)(C#O)(C#O)C#O)#C[Re](C#O)(C#O)(C#O)(C#O)C#O,0,,715
PBuلµ—â‚‚ (dibutylphosphanyl),X,[P-](C(C)(C)C)C(C)(C)C,-1,,716
SeSiPhâ‚ƒ (triphenylsilyl-selenyl),X,[Se-][Si](C1C=CC=CC=1)(C1C=CC=CC=1)C1C=CC=CC=1,-1,,717
SSiPhâ‚ƒ (triphenylsilyl-sulfanyl),X,[S-][Si](C1C=CC=CC=1)(C1C=CC=CC=1)C1C=CC=CC=1,-1,,718
SXylyl (xylylthio),X,C1(C)C=CC=C(C)C=1[S-],-1,,719
CFâ‚‚H (difluoromethyl),X,[CH-](F)F,-1,,720
"[12]aneNâ‚ƒ (1,5,9-triazacyclododecane-خ؛آ³N)",L3,N1CCCNCCCNCCC1,0,,721
OCHPh (benzaldehyde-O),L,C1C=CC=C(C(=O)[H])C=1,0,,722
NEtâ‚ƒ (triethylamine),L,N(CC)(CC)CC,0,,723
Cp* (pentamethylcyclopentadienyl-خ؛C),X,[C-]1(C)C(C)=C(C)C(C)=C1C,-1,,724
"DzH (dithizonato-خ؛N,خ؛S)",LX,N(/C1C=CC=CC=1)=N\C(\[S-])=N\NC1C=CC=CC=1,-1,,725
"OCâ‚†Hâ‚ƒBuلµ—â‚‚-2,6 (di-t-butylphenoxy-2,6)",X,C1(C(C)(C)C)C=CC=C(C(C)(C)C)C=1[O-],-1,,726
NCâ‚…Hâ‚„NMeâ‚‚ (4-dimethylaminopyridine),L,C1C=C(N(C)C)C=CN=1,0,kappa pyr N,727
OC(S)Ph (thiobenzoato-خ؛O),X,C1C=CC=C(C(=O)[S-])C=1,-1,,728
Prâپ± (isopropyl),X,[CH-](C)C,-1,,729
TeMes (mesityltellanyl),X,C1(C)C=C(C)C=C(C)C=1[Te-],-1,,730
OC(Me)CHC(Ph)O (benzoylacetonato),LX,C(/[O-])(\C1C=CC=CC=1)=C/C(=O)C,-1,,731
Diox (dioxane),L,C1COCCO1,0,,732
Fc (ferrocenyl-خ؛C),X,[C-]12[Fe]3456789(C%10=C3[C-]4C5=C%106)C(C7=C18)=C29,0,,733
NCCN (dinitrile),L,N#CC#N,0,,734
"N(Câ‚†Hâ‚ƒPrâپ±â‚‚)C(Me)CHC(Me)N(Câ‚†Hâ‚ƒPrâپ±â‚‚) (bis(2,6-diisopropyl)pentane-2,4-di-iminato-خ؛آ²N)",LX,[N-](C1C(C(C)C)=CC=CC=1C(C)C)/C(/C)=C\C(C)=NC1C(C(C)C)=CC=CC=1C(C)C,-1,,735
Fe(CO)â‚„ (tetracarbonyliron X),X,[Fe](C#O)(C#O)(C#O)C#O,0,,736
N(SiMeâ‚ƒ)â‚‚ (bis(trimethylsilyl)amino),X,[N-]([Si](C)(C)C)[Si](C)(C)C,-1,,737
Sn(Câ‚‚Fâ‚…)â‚ƒ (tris-pentafluoroethyl-stannyl),X,[Sn](C(F)(F)C(F)(F)F)C(F)(F)C(F)(F)F,0,,738
PzH-Meâ‚‚ (dimethylpyrazole),L,N1N=C(C)C=C1C,0,,739
"OC(Buلµ—)CHC(Buلµ—)O (tetramethylheptane-3,5-dionato)",LX,C(=O)(C(C)(C)C)/C=C(\[O-])/C(C)(C)C,-1,,740
Pzâ‚‚BHâ‚‚ (dihydro-di(pyrazolyl)borato-خ؛آ²N),LX,[BH2-](N1C=CC=N1)N1N=CC=C1,-1,,741
Teg (triethylene glycol-خ؛âپ´O. triglycol-خ؛âپ´O),L4,OCCOCCOCCO,0,,742
Deg (diethylene glycol-خ؛آ³O),L3,OCCOCCO,0,,743
NBzâ‚‚ (dibenzylamino XL),LX,[N-](CC1C=CC=CC=1)CC1C=CC=CC=1,-1,,744
Bpy (bipyridine 2âٹ–),L2X,C1C=CN=C(C2N=CC=CC=2)C=1,0,,745
"l5""CHâ‚‚Ph (خ·آ²-benzyl",LX,C1C=CC=C([CH2-])C=1,-1,"CHâ‚‚Ph (خ·آ²-benzyl, خ·آ²-Bz)",746
OP(NMeâ‚‚)â‚ƒ (tris(dimethylamino)phosphane oxide),L,P(N(C)C)(N(C)C)(N(C)C)=O,0,kappa O,747
Triglyme (triethylene glycol dimethyl ether-خ؛âپ´O),L4,COCCOCCOCCOC,0,,748
N(CHâ‚‚CHâ‚‚OH)â‚ƒ (triethanolamine),L4,N(CCO)(CCO)CCO,0,,749
"OCâ‚†Hâ‚‚(NOâ‚‚)â‚ƒ-2,4,6 (picrato)",X,C1([N+]([O-])=O)C(=C([N+]([O-])=O)C=C([N+]([O-])=O)C=1)[O-],0,,750
"NCâ‚…Hâ‚ƒ(COâ‚‚)â‚‚ (pyridinedicarboxylato-2,6-خ؛N,خ؛آ²O))",LX2,C1(C([O-])=O)C=CC=C(C(=O)O)N=1,-2,,751
(Cpâ‚ƒ) (tris-(خ·âپµ-cyclopentadienyl) â“ˆ),L5X3,[CH-]1C=CC=C1.[CH-]1C=CC=C1.[CH-]1C=CC=C1,-3,,752
Câ‚پâ‚€Hâ‚‚â‚€Oâ‚† (pentaethylene glycol-خ؛âپ¶O),L6,OCCOCCOCCOCCOCCO,0,,753
"CHâ‚‚Ph (خ·آ²-benzyl, خ·آ²-Bz)",LX,C1C=CC=C([CH2-])C=1,-1,,754
({Câ‚…Hâ‚„Me}â‚ƒ) (tris-(خ·âپµ-methylcyclopentadienyl) â“ˆ),L5X3,[CH-]1C=CC=C1C.[CH-]1C=CC=C1C.[CH-]1C=CC=C1C,-3,,755
"PPhâ‚‚ (diphenylphosphanyl, planar)",LX,[P-](C1C=CC=CC=1)C1C=CC=CC=1,-1,,756
(Indâ‚ƒ) (tris-(خ·âپµ-indenyl) â“ˆ),L5X3,C1C=CC2[CH-]C=CC=2C=1.C1C=CC2[CH-]C=CC=2C=1.C1C=CC2[CH-]C=CC=2C=1,-3,,757
Câ‚ˆHâ‚†(SiMeâ‚ƒ)â‚‚ (خ·âپ¸-bistrimethylsilyl-cyclooctatetraene),L3X2,"C1C=CC([Si](C)(C)C)=CC=C([Si](C)(C)C)C=1 |c:1,7,15,t:9|",0,"1,4-bistrimethylsilyl cyclooctatetrene",758
OBuâپ؟ (n-butyloxy),X,C([O-])CCC,-1,,759
OXylyl (xylyloxy),X,C1(C)C=CC=C(C)C=1[O-],-1,,760
Câ‚…Hâ‚ƒ(Buلµ—)â‚‚ (خ·âپµ-bis(t-butyl)cyclopentadienyl),L2X,[CH-]1C(C(C)(C)C)=CC=C1C(C)(C)C,-1,,761
COâ‚‚(OH) (hydrogencarbonato-خ؛آ²O),LX,C(=O)([O-])O,-1,,762
Buâپ؟ (butyl),X,[CH2-]CCC,-1,,763
NPBuلµ—â‚ƒ (tri-t-butylphosphane nitride),LX,P(=[N-])(C(C)(C)C)(C(C)(C)C)C(C)(C)C,-1,,764
Câ‚ˆMeâ‚† (خ·âپ¸-hexamethylpentalene),L3X2,C1(C)C(C)=C(C)[C-]2=C(C)C(C)=C(C)[C-]=12,0,,765
TeSiPhâ‚ƒ (trisphenylsilyl-tellanyl),X,[Te-][Si](C1C=CC=CC=1)(C1C=CC=CC=1)C1C=CC=CC=1,-1,,766
NHMe (methylamino: planar),LX,[NH-]C,-1,,767
As(SiMeâ‚ƒ)â‚‚ (bistrimethylsilylarsanyl),X,[As-]([Si](C)(C)C)[Si](C)(C)C,-1,,768
Câ‰،CMe (propynyl),X,[C-]#CC,-1,,769
CHPhâ‚‚ (diphenylmethyl),X,[CH-](C1C=CC=CC=1)C1C=CC=CC=1,-1,,770
CHâ‚‚PPhâ‚‚ (diphenylphosphinomethyl),X,[CH2-]P(C1C=CC=CC=1)C1C=CC=CC=1,-1,,771
"Tp* (hydrotris(3,5-dimethylpyrazolyl)borato-خ؛آ²N)",LX,[BH-](N1C(C)=CC(C)=N1)(N1N=C(C)C=C1C)N1C(C)=CC(C)=N1,-1,,772
Câ‚ƒHâ‚… (cyclopropyl),X,[CH-]1CC1,-1,,773
SBz (benzylthio),X,C1C=CC=C(C[S-])C=1,-1,,774
Seâ‚ƒ (triseleno-خ؛آ²Se),X2,[Se-][Se][Se-],-2,,775
Te (tellurido),X2,[Te-2],-2,,776
Teâ‚ƒ (tritellurido-خ؛آ²Te),X2,[Te-][Te][Te-],-2,,777
Se (خ¼â‚‚-seleno Xâ€“X),X,[Se-2],-2,,778
"Câ‚…Hâ‚…Meâ‚‚ (خ·âپµ-2,4-dimethylpentadienyl)",L2X,C=C(C)[CH-]C(C)=C,-1,,779
P group (X type),LX,[P-3],-3,,780
Câ‚ˆHâ‚† (خ·âپ¸-pentalene),L3X2,C1=C[CH-]C2C=C[CH-]C1=2,-2,,781
CH(PPhâ‚ƒ) (triphenylphosphinylidene-methyl),X2,[P+](C1C=CC=CC=1)(C1C=CC=CC=1)(C1C=CC=CC=1)[CH-2],-1,,782
N(PPhâ‚‚)â‚‚ (bis(diphenylphosphanyl)amino XL),LX,[N-](P(C1C=CC=CC=1)C1C=CC=CC=1)P(C1C=CC=CC=1)C1C=CC=CC=1,-1,,783
(Cp)(Cp*) ((خ·âپµ-cyclopentadienyl) + خ·âپµ-pentamethylcyclopentadienyl) Xâ‚‚Lâ‚ƒ â“ˆ),L3X2,[CH-]1C=CC=C1.[C-]1(C)C(C)=C(C)C(C)=C1C,-2,,784
"=NCâ‚†Hâ‚ƒPrâپ±â‚‚ (2,6-di-isopropylphenylimino)",X2,[N-2]C1C(C(C)C)=CC=CC=1C(C)C,-2,,785
Se (selenido),X2,[Se-2],-2,,786
(Câ‚ˆMeâ‚†)â‚‚ (bis(خ·âپ¸-hexamethylpentalene) â“ˆ),L5X4,[C-]1(C)C(C)=C(C)C2[C-](C)C(C)=C(C)C1=2.[C-]1(C)C(C)=C(C)C2[C-](C)C(C)=C(C)C1=2,-4,,787
"[18]aneOâ‚„Nâ‚‚ (tetraoxa-7,16-diazacyclooctadecane-خ؛آ²N,خ؛âپ´O)",L6,C1OCCNCCOCCOCCNCCOC1,0,,788
CHâ‚‚=CHEt (butene),L,C=CCC,0,,789
SPPhâ‚ƒ (triphenylphosphane sulfide),L,[S-][P+](C1C=CC=CC=1)(C1C=CC=CC=1)C1C=CC=CC=1,0,,790
PhCâ‰،CMe (phenylpropyne),L,C1C=CC=C(C#CC)C=1,0,,791
CFâ‚ƒCâ‰،CCFâ‚ƒ (bis(trifluoromethyl)ethyne),L,C(C(F)(F)F)#CC(F)(F)F,0,,792
Cl (خ¼â‚‚-chloro),LX,[Cl-],-1,,793
PCyHâ‚‚ (cyclohexylphosphane),L,PC1CCCCC1,0,,794
OC(Ph)CHC(Ph)O (dibenzoylmethyl),LX,C1C=CC(C(=O)/C=C(\[O-])/C2C=CC=CC=2)=CC=1,-1,,795
SeH (selenyl),X,[SeH-],-1,,796
Oâ‚‚CNEtâ‚‚ (diethylcarbamato-خ؛O),X,N(CC)(CC)C(=O)[O-],-1,,797
Oâ‚‚CNMeâ‚‚ (dimethylcarbamato-خ؛O),X,C(N(C)C)(=O)[O-],-1,,798
OTol (tolyloxy),X,C1C=C(C)C=CC=1[O-],-1,,799
AsEtâ‚‚ (diethylarsanyl),X,[As-](CC)CC,-1,,800
"(CO)â‚… (pentacarbonyl, (Câ‰،O)â‚… octahedral C4v â“ˆ)",L5Z3,[O+]#[C-].[O+]#[C-].[O+]#[C-].[O+]#[C-].[O+]#[C-],0,,801
CRâ‚ƒ (alkyl),X,[C-](*)(*)*,-1,,802
SiBrMeâ‚‚ (dimethylbromosilyl),X,[Si-](Br)(C)C,-1,,803
SiFMeâ‚‚ (dimethylfluorosilyl),X,[Si-](Br)(C)C,-1,,804
SiIMeâ‚‚ (dimethyliodosilyl),X,[Si-](I)(C)C,-1,,805
SiClMeâ‚‚ (dimethylchlorosilyl),X,[Si-](Cl)(C)C,-1,,806
SiHMeâ‚‚ (dimethylsilyl),X,[SiH-](C)C,-1,,807
PbMeâ‚ƒ (trimethylplumbyl),X,[Pb-](C)(C)C,-1,,808
SbPhâ‚‚ (diphenylstibanyl),X,[Sb-](C1C=CC=CC=1)C1C=CC=CC=1,-1,,809
(NEtâ‚‚)â‚… (penta(diethylamino Xâ‚…Lâ‚„ planar) â“ˆ),L4X5,[N-](CC)CC.[N-](CC)CC.[N-](CC)CC.[N-](CC)CC.[N-](CC)CC,-5,,810
(Se)â‚„ (tetraseleno Xâ‚ˆL â“ˆ),LX8,[Se-2].[Se-2].[Se-2].[Se-2],-8,,811
EtCâ‰،CMe (pentyne),L,C(CC)#CC,0,,812
Re group (X type),X,[Re],0,,813
PHPrâپ±â‚‚ (diisopropylphosphane),L,P(C(C)C)C(C)C,0,,814
Buلµ—Câ‰،CH (t-butyl-ethyne),L,C#CC(C)(C)C,0,,815
CHâ‚‚=CHPh (phenylethene),L,C1C=CC=C(C=C)C=1,0,,816
خ·âپ´-Cht (خ·âپ´-cycloheptatriene),L2,C1=CC=CCC=C1,0,,817
Asâ‚„ (tetra-arsenacyclobutadiene),L2,[As]1=[As][As]=[As]1,0,,818
Pâ‚„ (Tetra-phosphacyclobutadiene),L2,P1=PP=P1,0,,819
Br (خ¼â‚‚-bromo),LX,[Br-],-1,,820
Diox (dioxane-خ؛O),L,C1COCCO1,0,,821
OPClâ‚ƒ (trichlorophosphane oxide),L,P(=O)(Cl)(Cl)Cl,0,kappa O,822
F (خ¼â‚‚-fluoro),LX,[F-],-1,,823
CHâ‚‚Tol (tolylmethyl-خ؛C),X,C1C=C(C)C=CC=1[CH2-],-1,,824
OMeâ‚‚ (dimethylether),L,COC,0,,825
Terpy (terpyridine-خ؛آ³N 1âٹ–),L3,C1(C2N=CC=CC=2)C=CC=C(C2C=CC=CN=2)N=1,0,,826
Câ‚ƒHâ‚„Me (خ·آ³-methylallyl),LX,[CH2-]C(C)=C,-1,,827
(â­€NBuلµ—)â‚‚ (di(â­€NBuلµ— t-butylimino)-cis Xâ‚„L â“ˆ),LX4,CC(C)([N-2])C.CC(C)([N-2])C,-4,,828
OC(CFâ‚ƒ)â‚ƒ (perfluorobutoxy),X,C(C(F)(F)F)([O-])(C(F)(F)F)C(F)(F)F,-1,,829
=NPh (phenylimino),X2,C1C=CC=CC=1[N-2],-2,,830
NHEt (ethylamino: planar),LX,[NH-]CC,-1,,831
(Câ‚…Hâ‚„Me)â‚‚ (bis-(خ·âپµ-methylcyclopentadienyl) Xâ‚‚Lâ‚ƒ â“ˆ),L3X2,[CH-]1C=CC=C1C.[CH-]1C=CC=C1C,-2,,832
(SPh)â‚‚ (bis(phenylthio) Xâ‚‚L â“ˆ),LX2,C1C=CC=CC=1[S-].C1C=CC=CC=1[S-],-2,,833
HCâ‰،CH (ethyne Lâ‚‚),L2,C#C,0,,834
â‰،CCHâ‚‚Buلµ— (neopentylmethylidyne),X3,C([C-3])C(C)(C)C,-3,,835
Sbâ‚ƒ (triantimonido),X3,[Sb-]1[Sb-][Sb-]1,-3,,836
HPâ€”PH (diphosphene Xâ‚‚),X2,[PH-][PH-],-2,,837
SiMeâ‚‚ (dimethylsilylene),X2,[Si-2](C)C,-2,,838
CHâ‚‚=CHMe (propene),L,C(=C)C,0,,839
Pz (pyrazolyl-خ؛N),X,[N-]1C=CC=N1,-1,,840
SiMesâ‚‚ (dimesitylsilylene),X2,[Si-2](C)C,-2,,841
CHâ‚‚Mes (mesitylmethyl),X,[CH2-]C1C(C)=CC(C)=CC=1C,-1,,842
P(SiMeâ‚ƒ)â‚‚ (bis(trimethylsilyl)phosphanyl XL),LX,[P-]([Si](C)(C)C)[Si](C)(C)C,-1,,843
BHâ‚„ (tetrahydroborato-خ؛آ²H),L2,[BH4-],-1,,844
Oâ‚‚CCFâ‚ƒ (trifluoroacetato-خ؛آ²O),LX,[O-]C(=O)C(F)(F)F,-1,,845
Oâ‚‚CH (formato-خ؛آ²O),LX,[O-]C=O,-1,,846
C(NMe)CHâ‚‚CHâ‚‚CHâ‚‚ (N-methylpyrrolidin-2-ylidene),L,N1(C)[C-2]CCC1,-2,,847
"OCHâ‚‚ (formaldehyde-خ؛C,O)",L,C([H])([H])=O,0,,848
SC(O)Ph (thiobenzoato-خ؛S),X,C1C=CC=C(C(=O)[S-])C=1,-1,,849
SeBz (benzylselenyl),X,C1C=CC=C(C[Se-])C=1,-1,,850
TeH (tellanyl),X,[TeH-],-1,,851
W(CO)â‚ƒCp (tricarbonylcyclopentadienyltungsten),X,[W]1234(C5=C1[C-]2C3=C54)(C#O)(C#O)C#O,0,,852
"PhCâ‰،CH (خ¼â‚‚-خ·آ²,خ·آ²-phenylethyne)",LX,C1C=CC=C(C#C)C=1,0,,853
"EtCâ‰،CEt (خ¼â‚‚-خ·آ²,خ·آ²-hexyne)",LX,C(CC)#CCC,0,,854
"Meâ‚ƒSiCâ‰،CSiMeâ‚ƒ (خ¼â‚‚-خ·آ²,خ·آ²-bistrimethylsilylethyne)",LX,C([Si](C)(C)C)#C[Si](C)(C)C,0,,855
(PhCâ‰،CPh)â‚ƒ (tris-(diphenylethyne) â“ˆ),L5,C(C1C=CC=CC=1)#CC1C=CC=CC=1.C(C1C=CC=CC=1)#CC1C=CC=CC=1.C(C1C=CC=CC=1)#CC1C=CC=CC=1,0,,856
MeCâ‰،CMe (butyne Lâ‚‚),L2,C(C)#CC,0,,857
PCyâ‚‚ (dicyclohexylphosphanyl),X,[P-](C1CCCCC1)C1CCCCC1,-1,,858
OCâ‚‚Fâ‚… (pentafluoroethoxy),X,[O-]C(F)(F)C(F)(F)F,-1,,859
NMeâ‚‚ (dimethylamino),X,[N-](C)C,-1,,860
"Câ‚†Hâ‚ƒ(CFâ‚ƒ)â‚‚ (3,5-trifluoromethyl-phenyl)",X,C1C(C(F)(F)F)=CC(C(F)(F)F)=C[C-]=1,-1,,861
S (خ¼â‚ƒ-thio Xâ‚‚L),X2L,[S-2],-2,,862
S(CHâ‚‚)â‚„O (thioxane-خ؛S),L,C1COCCS1,0,,863
"OCHâ‚‚CHâ‚‚S (2-thio-ethanediolato-خ؛O,خ؛S)",X2,[O-]CC[S-],-2,,864
OM group (Mâ€”O complex),X,*[O-] |$M_p;$|,-1,skip,865
OGePhâ‚ƒ (triphenylgermanoxy),X,[Ge](C1C=CC=CC=1)(C1C=CC=CC=1)(C1C=CC=CC=1)[O-],-1,,866
TcOâ‚„ (tetraoxotechnetium-خ؛O),X,[Tc](=O)(=O)(=O)[O-],-1,,867
Iâ‚ƒ (triiodo),X,I[I+]I,1,bent,868
PPh(OEt)â‚‚ (diethyl-phenyl-phosphonito),L,P(OCC)(C1C=CC=CC=1)OCC,0,,869
Dmg-Hâ‚‚ (dimethylglyoxime),L2,C/C(=N/O)/C(=N\O)/C,0,,870
Sâ‚‚CSMe (methylcarbonotrithioato-خ؛آ²S),LX,C(SC)([S-])=S,0,S- and =S bonding,871
Câ‰،CBuلµ— (t-butyl-ethynyl),X,[C-]#CC(C)(C)C,-1,,872
C(OCHâ‚‚CHâ‚‚CHâ‚‚CHâ‚‚) (2-oxocyclohexylidene),L,[C-2]1CCCCO1,-2,,873
H (خ¼â‚‚-hydrido),X,[H-],-1,,874
H (خ¼â‚‚-hydrido),X,[H-],-1,,875
"Py-خ؛C,خ؛N (pyridyl-خ؛C,خ؛N)",L,C1C=CC=[C-]N=1,-1,,876
Ru(CO)â‚… (pentacarbonylruthenium Z),Z,[Ru](C#O)(C#O)(C#O)(C#O)C#O,0,,877
SEtâ‚‚ (diethylthioether),L,S(CC)CC,0,,878
OSEtâ‚‚ (diethylsulfoxide-خ؛O),L,S(CC)(CC)=O,0,,879
Acac (acetylacetonato-خ؛O),X,CC(=O)/C=C(\[O-])/C,-1,,880
CPh=CHPh (diphenylvinyl),X,[C-](/C1C=CC=CC=1)=C/C1C=CC=CC=1,-1,,881
CNMes (mesityl isocyanide),L,C1(C)C=C(C)C=C(C)C=1[N+]#[C-],0,,882
Fe(CO)â‚„ (tetracarbonyliron),Z,[Fe](C#O)(C#O)(C#O)C#O,0,,883
C=CMePh (methylphenylvinylidene),X2,[C-2]=C(C)C1C=CC=CC=1,-2,,884
SO (oxido-sulfur L type),L,S=O,0,,885
OSOâ‚‚Ph (p-phenyl-sulfonato),X,S(=O)([O-])(=O)C1C=CC(C)=CC=1,-1,This is mislabeled; it should be p-tosyl,886
Terpy (terpyridine-خ؛آ²N),L2,C1(C2N=CC=CC=2)C=CC=C(C2C=CC=CN=2)N=1,0,,887
Te(CHâ‚‚SiMeâ‚ƒ)â‚‚ (bistrimethylsilylmethyl-tellurane),L,[Te](C[Si](C)(C)C)C[Si](C)(C)C,0,,888
NHâ‚‚ (amino),X,[NH2-],-1,,889
Feâ‚‚(CO)â‚ˆ (bis-tetracarbonyliron Xâ‚‚),X2,[Fe]12(C#O)(C#O)(C#O)C(=O)[Fe]1(C#O)(C#O)(C#O)C2=O,0,,890
SClâ‚‚ (dichlorosulfane),L,S(Cl)Cl,0,,891
CH=CHPh (phenylvinyl),X,[CH-]=CC1C=CC=CC=1,-1,,892
CHâ‚‚OH (hydroxymethyl),X,[CH2-]O,-1,,893
AsEtâ‚ƒ (triethylarsane),L,[As](CC)(CC)CC,0,,894
Tp (hydrotris(pyrazolyl)borato-خ؛آ²N),LX,[BH-](N1C=CC=N1)(N1C=CC=N1)N1N=CC=C1,-1,,895
COâ‚‚ (carbon dioxide-خ؛C),L,O=C=O,0,,896
C(OMe)Et (methoxyethylcarbene),L,[C-2](CC)OC,-2,,897
COâ‚‚H (carboxyl),X,O=[C-]O,-1,,898
Câ‚‚Hâ‚„ (ethene Xâ‚‚),X2,[CH2-][CH2-],-2,,899
C(NHMe)Ph (methylaminophenylcarbene),L,[C-2](NC)C1C=CC=CC=1,-2,,900
IMe (iodomethane),X,CI,0,kappa I,901
"S(CHâ‚‚)â‚‚ (thiirane, ethylenesulfide)",L,C1SC1,0,,902
SOâ‚ƒH (sulfonato-خ؛S),X,[S+](O)(=O)=O,1,,903
Câ‚…Clâ‚… (خ·âپµ-pentachlorocyclopentadienyl),L2X,[C-]1(Cl)C(Cl)=C(Cl)C(Cl)=C1Cl,-1,,904
PHMeâ‚‚ (dimethylphosphane),L,P(C)C,0,,905
OSOâ‚‚H (sulfonato-خ؛O),X,[S-](O)(=O)=O,-1,,906
OCâ‚„Phâ‚„ (خ·âپ´-tetraphenylcyclopentadieneone),L2,C1(=O)C(C2C=CC=CC=2)=C(C2C=CC=CC=2)C(C2C=CC=CC=2)=C1C1C=CC=CC=1,0,,907
Câ‚†Meâ‚† (خ·âپ´-hexamethylbenzene),L2,C1(C)C(C)=C(C)C(C)=C(C)C=1C,0,,908
Câ‰،CTol (tolylethynyl),X,[C-]#CC1C=CC(C)=CC=1,-1,,909
Tol-o (o-tolyl),X,C1(C)[C-]=CC=CC=1,-1,,910
CH=CHMe (methylvinyl),X,[CH-]=CC,-1,,911
SOâ‚‚ (dioxo-sulfur-خ؛S Z),Z,O=S=O,0,,912
COâ‚‚Et (ethoxycarbonyl),X,[C-](=O)OCC,-1,,913
SbPrâپ±â‚ƒ (triisopropylstibane),L,[Sb](C(C)C)(C(C)C)C(C)C,0,,914
OSiEtâ‚ƒ (triethylsiloxy),X,[Si-](OCC)(OCC)OCC,-1,,915
Si(OEt)â‚ƒ (tri-ethoxy-silyl),X,[Si-](OCC)(OCC)OCC,-1,,916
Oâ‚‚CCâ‚†Fâ‚… (pentafluorobenzoato-خ؛O),X,[O-]C(=O)C(F)(F)F,-1,,917
O (oxo Oâٹ– X),X,[O-2],-2,,918
OPFâ‚‚O (difluorophosphate),X,P(F)(F)(=O)[O-],-1,,919
OSOâ‚‚Ph (phenyl-sulfonato-خ؛آ²O),LX,C1C(C)=CC=C(S([O-])(=O)=O)C=1,-1,,920
"Tp* (hydrotris(3,5-dimethylpyrazolyl)borato-خ؛N)",X,B(N1C(C)=CC(C)=N1)(N1C(C)=CC(C)=N1)N1C(C)=CC(C)=N1,-1,,921
AsPrâپ±â‚ƒ (triisopropyl-arsane),L,[As](C(C)C)(C(C)C)C(C)C,0,,922
Co(CO)â‚„ (tetracarbonylcobalt),X,[Co](C#O)(C#O)(C#O)C#O,0,,923
PBuلµ—â‚‚Ph (phenyl-di-t-butylphosphane),L,P(C(C)(C)C)(C(C)(C)C)C1C=CC=CC=1,0,,924
CFHâ‚‚ (fluoromethyl),X,F[CH2-],-1,,925
NHâ‚‚Bz (benzylamine),L,C1C=CC=C(CN)C=1,0,,926
AsMeâ‚‚Ph (dimethylphenylarsane),L,[As](C1C=CC=CC=1)(C)C,0,,927
CHâ‚‚(PMeâ‚ƒ) (trimethylphosphonium-ylide),X,[CH2-][P+](C)(C)C,0,,928
C(NMeâ‚‚)H (dimethylaminocarbene),L,[CH-](N(C)C)N(C)C,-1,,929
(CHâ‚‚)â‚ƒ (trimethylene-خ؛آ²C),X2,[CH2-]C[CH2-],-2,,930
GaClâ‚ƒ (trichlorogallane),Z,[Ga](Cl)(Cl)Cl,0,,931
Si(OMe)â‚ƒ (tri-methoxy-silyl),X,[Si-](OC)(OC)OC,-1,,932
SCHâ‚‚S (methanedithiolato-خ؛آ²S),X2,[S-]C[S-],-2,,933
NH(Câ‚‚Hâ‚„) (aziridine),L,C1NC1,0,,934
"CHâ‚‚=CPhâ‚‚ (1,1-diphenylethene)",L,C=C(C1C=CC=CC=1)C1C=CC=CC=1,0,,935
"Cod (خ·âپ´-cycloocta-1,3-diene)",L2,"C1CCC=CC=CC1 |c:3,5|",0,,936
Dppm (خ¼â‚‚-bis-(diphenylphosphino)methane),L,P(C1C=CC=CC=1)(C1C=CC=CC=1)CP(C1C=CC=CC=1)C1C=CC=CC=1,0,,937
"Dcpe (1,2-bis-(dicyclohexylphosphino)ethane)",L2,P(C1CCCCC1)(C1CCCCC1)CCP(C1CCCCC1)C1CCCCC1,0,,938
"[10]aneSâ‚ƒ (1,4,7-trithiocyclodecane-خ؛آ²S)",L2,C1SCCCSCCSC1,0,,939
"[9]aneNâ‚ƒ-1,4,7-Meâ‚ƒ (1,4,7-trimethyl-1,4,7-triazacyclononane-خ؛آ²N)",L2,"Me3TACN, TACNMe3",0,,940
"[12]aneSâ‚„ (1,4,7,10-tetrathiacyclododecane-خ؛آ²S)",L2,C1SCCSCCSCCSC1,0,,941
Phen (phenanthroline-خ؛N),L,C1C=NC2C(=CC=C3C=2N=CC=C3)C=1,0,,942
Câ‚‚Fâ‚„ (tetrafluoroethene Xâ‚‚),X2,C(/F)(\F)=C(\F)/F,0,,943
CHâ‚‚COâ‚‚Me (methylcarboxylmethyl),X,[CH2-]C(C)=O,-1,Wrong description:  CH2COMe,944
CHâ‚‚NOâ‚‚ (nitromethyl),X,[CH2-][N+]([O-])=O,-1,,945
Câ‚†Hâ‚„OMe (p-methoxy-phenyl),X,C1[C-]=CC=C(OC)C=1,-1,,946
GeHPhâ‚‚ (diphenylgermyl),X,[GeH-](C1C=CC=CC=1)C1C=CC=CC=1,-1,,947
Hfa (hexafluoroacetylacetonato-خ؛O),X,C(F)(F)(F)C(=O)/C=C(\[O-])/C(F)(F)F,-1,,948
S(Ph)Câ‚†Hâ‚„SPh (bis(phenylthio)benzene-خ؛آ²S),L2,C1C=CC=C(SC2C=CC=CC=2)C=1SC1C=CC=CC=1,0,,949
OSOâ‚‚F (fluoromethanesulfonato),X,S(=O)(=O)(F)[O-],-1,,950
Oâ‚‚Câ‚‡Hâ‚… (tropolonato-خ؛O),X,C1=CC=CC=C([O-])C1=O,-1,,951
SCPhCCPhS (diphenylethenedithiolato-خ؛آ²S),LX,C(C1C=CC=CC=1)([S-])C(=S)C1C=CC=CC=1,-1,,952
C(NEtâ‚‚)Ph (diethylaminophenylcarbene),L,[N+](/CC)(\CC)=[C-]/C1C=CC=CC=1,-1,,953
Câ‚†Hâ‚„Br (p-bromophenyl),X,C1C=[C-]C=CC=1Br,-1,,954
Câ‚†Hâ‚„CFâ‚ƒ (p-trifluoromethyl-phenyl),X,C1C=C(C(F)(F)F)C=C[C-]=1,-1,,955
Câ‚†Hâ‚„Cl (p-chlorophenyl),X,C1C=C(Cl)C=C[C-]=1,-1,,956
C(SCHCHCH) (thienyl),X,S1[C-]=CC=C1,-1,,957
AsTolâ‚ƒ (tritolylarsane),L,[As](C1C=CC(C)=CC=1)(C1C=CC(C)=CC=1)C1C=CC(C)=CC=1,0,,958
CF=CFâ‚‚ (trifluorovinyl),X,[C-](/F)=C(/F)\F,-1,,959
COâ‚‚Ph (phenoxycarbonyl),X,O=[C-]OC1C=CC=CC=1,-1,,960
C(NHMe)OMe (methoxyaminomethylcarbene),L,[C-2](NC)OC,-2,,961
NHâ‚‚Prâپ؟ (n-propylamine),L,NCCCC,0,,962
NPh=NPh (diphenyldiazene-خ؛N)),L,N(/C1C=CC=CC=1)=N\C1C=CC=CC=1,0,,963
Te(CHâ‚‚)â‚„ (telluracyclopentane),L,[Te]1CCCC1,0,,964
TeMesâ‚‚ (dimesityltellurane),L,[Te](C1C(C)=CC(C)=CC=1C)C1C(C)=CC(C)=CC=1C,0,,965
NHCâ‚„Hâ‚ˆ (pyrrolidine),L,N1CCCC1,0,,966
"NCâ‚…Hâ‚‚Meâ‚ƒ (2,4,6-trimethylpyridine)",L,C1(C)C=C(C)C=C(C)N=1,0,,967
NCyâ‚‚H (dicyclohexylamine),L,N(C1CCCCC1)C1CCCCC1,0,,968
MesP=PMes (dimesityldiphosphene),L,P(C1C(C)=CC(C)=CC=1C)=PC1C(C)=CC(C)=CC=1C,0,,969
PhP=PPh (diphenyldiphosphene),L,P(C1C=CC=CC=1)=PC1C=CC=CC=1,0,,970
"Dppe (1,2-bis-(diphenylphosphino)ethane-خ؛P)",L,C(P(C1C=CC=CC=1)C1C=CC=CC=1)CP(C1C=CC=CC=1)C1C=CC=CC=1,0,,971
AsCyâ‚ƒ (tricyclohexylarsane),L,[As](C1CCCCC1)(C1CCCCC1)C1CCCCC1,0,,972
C(SPhâ‚‚)â‚‚ (dithiophenylcarbone Lâ‚‚),L2,[C-2]([S](C1C=CC=CC=1)C1C=CC=CC=1)[S](C1C=CC=CC=1)C1C=CC=CC=1,0,,973
BrOâ‚ƒ (bromato-خ؛آ²O),LX,Br([O-])(=O)=O,-1,,974
Tetraglyme (tetraethylene glycol dimethyl ether-خ؛آ³O),L3,COCCOCCOCCOCCOC,0,,975
CH(PPhâ‚ƒ)â‚‚ (bis-(triphenylphosphonio)methyl),X,[CH-]([P+](C)(C)C)[P+](C)(C)C,1,C([P+](C)(C)C)=P(C)(C)C,976
N(CH)â‚„NO (pyrazine-N-oxide),L,C1N=CC=[N+]([O-])C=1,0,,977
NHBzâ‚‚ (dibenzylamine),L,N(CC1C=CC=CC=1)CC1C=CC=CC=1,0,,978
Pâ‚„ (tetraphosphorus),L,P12P3P1P23,0,,979
Câ‚†Hâ‚„NOâ‚‚ (p-nitro-phenyl),X,C1C=C([N+]([O-])=O)C=C[C-]=1,-1,,980
Ttc (tritolylcorrolato-خ؛âپ´N),LX3,"C1C2[N-]C(=CC3[N-]C(C4C=CC(=CC5[N-]C(C=2)=CC=5)N=4)=CC=3)C=1 |t:3,11,16|",-3,,981
"(OCNHâ‚‚CHâ‚‚)N (nitrilotriacetamide-خ؛N,خ؛آ³O)",L4,N(CC(=O)N)(CC(=O)N)CC(=O)N,0,Entire taxonomy is incorrect,982
Tetraglyme (tetraethylene glycol dimethyl ether-خ؛âپµO),L5,COCCOCCOCCOCCOC,0,,983
P(SiPhâ‚ƒ)â‚‚ (bis(triphenylsilyl)phosphanyl),X,[Si](C1C=CC=CC=1)(C1C=CC=CC=1)(C1C=CC=CC=1)[P-][Si](C1C=CC=CC=1)(C1C=CC=CC=1)C1C=CC=CC=1,-1,,984
OHPrâپ± (isopropanol),L,OC(C)C,0,,985
B(Câ‚†Fâ‚…)â‚„ (tetrakis(pentaflurofluorophenyl)borate-خ؛F),L,[B-](C1C(F)=C(F)C(F)=C(F)C=1F)(C1C(F)=C(F)C(F)=C(F)C=1F)(C1C(F)=C(F)C(F)=C(F)C=1F)C1C(F)=C(F)C(F)=C(F)C=1F,-1,,986
Câ‚…Hâ‚‚(Buلµ—)â‚ƒ (خ·âپµ-tris(t-butyl)cyclopentadienyl),L2X,[C-]1(C)C=C(C)C(C)=C1,-1,,987
BpyOâ‚‚ (bipyridine-dioxide-خ؛آ²O),L2,C1[N+]([O-])=CC=C(C2C=C[N+]([O-])=CC=2)C=1,0,"This is ambiguous. Some complexes have 4,4'-bipyridine and others are 2,2'-bipyridine, 4,4' -- in SMILES field 2,2' --  C1C=CC=C(C2C=CC=C[N+]=2[O-])[N+]=1[O-]",988
"[18]aneOâ‚„Seâ‚‚ (tetraoxa-7,16-diselenacyclooctadecane-خ؛آ²Se,خ؛âپ´O)",L6,C1OCCOCC[Se]CCOCCOCC[Se]C1,0,,989
NCCy (cyclohexylnitrile),L,C1CCCCC1C#N,0,,990
"OCâ‚†Hâ‚‚(NOâ‚‚)â‚ƒ-2,4,6 (picrato-خ؛آ²O)",LX,C1([N+]([O-])=O)C=C([N+]([O-])=O)C=C([N+]([O-])=O)C=1[O-],-1,,991
OPEtâ‚ƒ (triethylphosphane oxide),L,P(=O)(CC)(CC)CC,0,,992
benzo-12-crown-4 (benzo-12-crown-4-خ؛âپ´O),L4,C12C=CC=CC=1OCCOCCOCCO2,0,,993
C(SiHMeâ‚‚)â‚ƒ (tris{dimethylsilyl}methyl),X,[C-]([SiH](C)C)([SiH](C)C)[SiH](C)C,-1,,994
Câ‰،CSiBuلµ—â‚ƒ (tri-t-butylsilylalkynyl),X,[C-]#C[Si](C(C)(C)C)(C(C)(C)C)C(C)(C)C,-1,,995
Câ‚„Hâ‚„Meâ‚‚ (خ·âپ´-dimethylbutadiene),L2,C=C(C)C(C)=C,0,,996
PHPh (phenylphosphanyl),X,[PH-]C1C=CC=CC=1,-1,,997
PEtâ‚‚ (diethylphosphanyl),X,[P-](CC)CC,-1,,998
"Pz-Meâ‚‚ (3,5-dimethyl-pyrazolyl-خ؛آ²N)",LX,[N-]1N=C(C)C=C1C,-1,,999
SBuâپ؟ (n-butylthio),X,[S-]CCCC,-1,,1000
Câ‚ˆHâ‚ˆ (خ·آ³-cyclooctatetraenyl),LX,"C1C=CC=CC=CC=1 |c:1,3,5,7|",0,,1001
CHâ‚‚=CMeâ‚‚ (isobutene),L,C=C(C)C,0,eta 2,1002
=CH(SiMeâ‚ƒ) (trimethylsilylmethylidene),X2,[CH-2][Si](C)(C)C,-2,,1003
CHâ‚‚(PMeâ‚‚Ph) (dimethylphenylphosphonium-ylide),X,[CH2-][P+](C1C=CC=CC=1)(C1C=CC=CC=1)C,0,this points to two complexes that are CH2(PMePh2),1004
SiBuلµ—â‚‚H (di-t-butylsilyl),X,C(C)(C)(C)[SiH-]C(C)(C)C,-1,,1005
(Cp*â‚‚) (bis-(خ·âپµ-pentamethylcyclopentadienyl) Xâ‚‚Lâ‚ƒ â“ˆ),L3X2,[C-]1(C)C(C)=C(C)C(C)=C1C.[C-]1(C)C(C)=C(C)C(C)=C1C,-2,,1006
Se group (Xâ‚‚ type),X2,[Se-2],-2,,1007
Zn group (X type),X,[Zn],0,,1008
=CHâ‚‚ (methylidene),X2,[CH2-2],-2,,1009
(NMeâ‚‚)â‚… (penta(dimethylamino Xâ‚…Lâ‚„ planar) â“ˆ),L4X5,[N-](C)C.[N-](C)C.[N-](C)C.[N-](C)C.[N-](C)C,-5,,1010
Câ‚„Hâ‚† (خ·آ²-butadiene),L,C=CC=C,0,,1011
HP=PH (diphosphene),L,P=P,0,,1012
Nâ‚ƒPh (phenylazido),L,C1C=CC=CC=1N=[N+]=[N-],-2,This eta 1 N bonded,1013
Câ‚„Hâ‚„Meâ‚‚ (دƒآ²-خ·آ²-dimethylbutadiene),LX2,C(/C)(\[CH-2])=C(/C)\[CH-2],-2,This is actually C4H2Me2,1014
O (خ¼â‚‚â€“oxo X+X),X,[O-2],-2,,1015
OCMe(NHPh) (N-phenylacetamide-خ؛O),L,CC(=O)NC1C=CC=CC=1,0,,1016
CHâ‚‚CHâ‚‚OBuلµ— (t-butoxylethyl),X,[CH2-]COC(C)(C)C,-1,,1017
=PPh (phenylphosphinidine),X2,[P-2]C1C=CC=CC=1,-2,,1018
PHâ‚‚Buلµ— (t-butylphosphane),L,PC(C)(C)C,0,,1019
â‰،CMes (mesitylmethylidyne),X3,C1C(C)=CC(C)=C([C-3])C=1C,-3,,1020
FXeF (difluoroxenon),L,[Xe](F)F,0,,1021
â‰،CBuلµ— (neopentylidyne),X3,CC(C)(C)[C-3],-3,,1022
=CMePh (methylbenzylidene),X2,[C-2](C)C1C=CC=CC=1,-2,,1023
C(NEtâ‚‚)H (diethylaminocarbene),L,[CH-2]N(CC)CC,-2,,1024
â‰،CPPhâ‚ƒ (triphenylphosphinomethylidyne),X3,[C-3][P+](C1C=CC=CC=1)(C1C=CC=CC=1)C1C=CC=CC=1,-2,,1025
(NHBuلµ—)â‚‚ (bis(t-butylamino): planar Xâ‚‚L â“ˆ),LX2,[NH-]C(C)(C)C.[NH-]C(C)(C)C,-2,,1026
(OBuلµ—)â‚‚ (bis-(t-butyloxy) Xâ‚‚L â“ˆ),LX2,[O-]C(C)(C)C.[O-]C(C)(C)C,-2,,1027
MeCâ‰،CH (propyne),L,CC#C,0,,1028
â‰،CTol (tolylmethylidyne),X3,[C-3]C1C=CC(C)=CC=1,-3,,1029
â‰،CH (methylidyne),X3,[CH-3],-3,,1030
â‰،CF (fluoromethylidyne),X3,[C-3]F,-3,,1031
SiHâ‚‚Ph (phenylsilyl),X,[SiH2-]C1C=CC=CC=1,-1,,1032
=CHTol (tolylidene),X2,[CH-2]C1C=CC(C)=CC=1,-2,,1033
MeNNMe (dimethyldiazene),L2,C/N=N/C,0,,1034
(â­€NMes)â‚‚ (â­€NMes mesitylimino-cis Xâ‚„L â“ˆ),LX4,C1(C)C=C(C)C=C(C)C=1[N-2].C1(C)C=C(C)C=C(C)C=1[N-2],-4,,1035
Te (telluro; â­€Te),LX2,[Te-2],-2,,1036
GeBrâ‚ƒ (tribromogermyl),X,[Ge-](Br)(Br)Br,-1,,1037
CHâ‚‚=SiMeâ‚‚ (dimethylsilylidenemethane),L,C=[Si](C)C,0,,1038
NNMe (methyldiazo),LX,[N-]=NC,-1,,1039
"PBuلµ—â‚‚ (dibutylphosphanyl, planar)",LX,[P-](C(C)(C)C)C(C)(C)C,-1,,1040
GaMeâ‚‚ (dimethylgallanyl),X,[Ga-2](C)C,-2,,1041
Dpam (bis(diphenylarsino)methane-خ؛آ²As),L2,C([As](C1C=CC=CC=1)C1C=CC=CC=1)[As](C1C=CC=CC=1)C1C=CC=CC=1,0,,1042
Mo(CO)â‚ƒCp* (tricarbonylpentamethylcyclopentadienylmolybdenum),X,[Mo]1234([C-]5C1=C2C3=C54)(C#O)(C#O)C#O,0,,1043
SiMeâ‚‚=SiMeâ‚‚ (tetramethydilsilene),L,[Si](/C)(\C)=[Si](\C)/C,0,,1044
AsCâ‚…Hâ‚… (arsenine),L,C1C=CC=C[As]=1,0,,1045
SCHPh (thiobenzaldehyde-S),L,S=CC1C=CC=CC=1,0,,1046
(PhCâ‰،CH)â‚ƒ (tris-(phenylethyne) â“ˆ),L5,C1C=CC=CC=1C#C.C1C=CC=CC=1C#C.C1C=CC=CC=1C#C,0,,1047
Câ‚†Fâ‚† (hexafluorobenzene),L3,C1(F)C(F)=C(F)C(F)=C(F)C=1F,0,,1048
=NCâ‚†Fâ‚… (pentafluorophenylimino),X2,[N-2]C1C(F)=C(F)C(F)=C(F)C=1F,-2,,1049
OCN (cyanato-خ؛O),X,[O-]C#N,-1,,1050
(O)â‚‚ (dioxo Oâ‚‚ 2âٹ– Xâ‚‚L â“ˆ),LX2,[O-2].[O-2],-4,,1051
=C(CHâ‚‚CHâ‚‚CHâ‚‚CHâ‚‚) (cyclopentylidene),X2,[C-2]1CCCC1,-2,,1052
NMesâ‚‚ (dimesitylamino),X,[N-](C1C(C)=CC(C)=CC=1C)C1C(C)=CC(C)=CC=1C,-1,,1053
â‰،CBz (benzylidyne),X3,C1C=CC=C(C[C-3])C=1,-3,,1054
CHMe=CHMe (but-2-ene),L,C/C=C/C,0,,1055
O=CMePh (acetophenone),L,CC(=O)C1C=CC=CC=1,0,kappa O,1056
"SeCHâ‚‚ (selenoformaldehyde-خ؛C,S)",L,[H]C(=[Se])[H],0,,1057
â‰،CNHâ‚‚ (aminomethylidyne),X3,[C-3]N,-3,,1058
O (خ¼â‚‚â€“oxo Xâ‚‚Lâ‚‚),L2X2,[O-2],-2,,1059
"C(OCHâ‚‚CHâ‚‚O) (2,5-dioxocyclopentylidene)",L,[C-2]1OCCO1,-2,,1060
NCTol (tolylnitrile),L,C1C=C(C#N)C=CC=1C,0,,1061
En (ethylenediamine-خ؛N),L,NCCN,0,,1062
Nb group (X type),X,[Nb],0,,1063
I group (L type),L,[I-],-1,"mu 2 Iodine",1064
BClâ‚‚ (dichloroboryl),X,[B+](Cl)Cl,1,,1065
SCâ‚„Hâ‚„ (thiophene),L,S1C=CC=C1,0,,1066
(EtCâ‰،CEt)â‚ƒ (tris-(diethylethyne) â“ˆ),L5,C(CC)#CCC.C(CC)#CCC.C(CC)#CCC,0,,1067
(MeCâ‰،CMe)â‚ƒ (tris-(dimethylethyne) â“ˆ),L5,C(C)#CC.C(C)#CC.C(C)#CC,0,,1068
Câ‚‡Hâ‚‡ (خ·آ¹-cycloheptatrienyl),X,C1=C[CH-]C=CC=C1,-1,,1069
Oâ‚‚CEt (خ¼â‚‚-propanoato),LX,CCC(=O)[O-],-1,,1070
â‰،CSiMeâ‚ƒ (trimethylsilylmethylidyne),X3,[C-3][Si](C)(C)C,-3,,1071
SBzâ‚‚ (dibenzylthioether),L,C1C=CC=C(CSCC2C=CC=CC=2)C=1,0,,1072
"NSe (selenonitrosyl, linear)",LXZ,N#[Se+],1,,1073
SnFâ‚ƒ (trifluorostannyl),X,[Sn-](F)(F)F,-1,,1074
PBuلµ—â‚‚Me (methyl-di-t-butylphosphane),L,P(C(C)(C)C)(C(C)(C)C)C,0,,1075
S(CHâ‚‚)â‚… (pentamethylenesulfide),L,C1CCCCS1,0,thiane,1076
=CHBz (phenylethylidene),X2,[CH-2]CC1C=CC=CC=1,-2,,1077
NCN (cyanoimido),X2,[N-2]C#N,-2,,1078
"[6]aneSâ‚ƒ (1,3,5-trithiane-خ؛S)",L,C1SCSCS1,0,,1079
(CHâ‚‚)â‚… (pentamethylene-خ؛آ²C),X2,C(CC[CH2-])[CH2-],-2,,1080
Hâ‚‚NNHâ‚‚ (hydrazine-خ؛N),L,NN,0,,1081
CTe (tellurocarbonyl),L,[C-2]=[Te],-2,,1082
SnHâ‚ƒ (stannyl),X,[Sn-]([H])([H])[H],-1,,1083
ONPh (nitrosobenzene),L,O=Nc1ccccc1,0,,1084
Câ‚†Hâ‚پâ‚€ (cyclohexene),L,C1CCC=CC1,0,,1085
Câ‚‡Hâ‚‡ (خ·آ³-cycloheptatrienyl),LX,C1=C[CH-]C=CC=C1,-1,,1086
C (carbido),X2Z,[C-4],-4,,1087
Buâپ± (isobutyl),X,[CH2-]C(C)C,-1,,1088
=NSCl (chlorothioimino),X2,N#SCl,0,,1089
NMe(CHâ‚‚)â‚‚O(CHâ‚‚)â‚‚ (N-methyl-morpholine),L,C1COCCN1C,0,kappa N,1090
COCHâ‚‚Buلµ— (neopentylacyl),X,C(C)(C)(C)C[C-]=O,-1,,1091
NHXy (xylylamino),X,C1C(C)=CC(C)=CC=1[NH-],-1,,1092
PEtâ‚‚F (diethylfluorophosphane),L,P(F)(CC)CC,0,,1093
InEtâ‚‚ (diethylindium),X,[In+](CC)CC,1,,1094
Hex (hexyl),X,[CH2-]CCCCC,-1,,1095
SCâ‚پâ‚‚Hâ‚ˆ (dibenzothiophene),L,C1C=CC2C3C=CC=CC=3SC=2C=1,0, 9-Thiafluorene,1096
D (deuterido),X,[H-],-1,,1097
GeMeâ‚ƒ (trimethylgermyl),X,[Ge-](C)(C)C,-1,,1098
TeTol (tolyltellanyl),X,C1C=C(C)C=CC=1[Te-],-1,,1099
"NHâ‚‚CH=CHNHâ‚‚ (1,2-diaminoethene)",L2,C(=N)C=N,0,kappa-2 N,1100
Furyl (furyl),X,O1[C-]=CC=C1,-1,kappa C,1101
"Dmpm (خ¼â‚‚-1,2-bis-(dimethylphosphino)methane)",L2,P(C)(C)CP(C)C,0,,1102
(MeOâ‚‚C)Câ‰،C(COâ‚‚Me) (dimethylacetylenedicarboxylate Xâ‚‚),X2,[C-](/C(=O)OC)=[C-]/C(=O)OC,-2,,1103
TolCâ‰،CTol (ditolylethyne),L,C(C1C=CC(C)=CC=1)#CC1C=CC(C)=CC=1,0,,1104
CHâ‚‚I (iodomethyl),X,[CH2-]I,-1,,1105
C(OEt)Bz (ethoxybenzylcarbene),L,[C-2](OCC)CC1C=CC=CC=1,-2,,1106
Dedtc (diethyldithiocarbamato-خ؛S),X,[S-]C(N(CC)CC)=S,-1,,1107
SeOâ‚ƒ (selenito-خ؛آ²O),X2,[Se]([O-])([O-])=O,-2,,1108
SEtâ‚‚O (diethylsulfoxide-خ؛S),L,C(C)S(=O)CC,0,,1109
SPhâ‚‚O (diphenylsulfoxide-خ؛S),L,C1(C=CC=CC=1)S(=O)C1C=CC=CC=1,0,,1110
C(NHMe)â‚‚ (di{methylamino}carbene),L,N(C)[C-2]NC,-2,,1111
SeCHâ‚‚Se (methanediselenyl-خ؛آ²Se),X2,C([Se-])[Se-],-2,,1112
"Teâ‚‚Câ‚†Hâ‚„-o (benzene-1,2-ditellurolato-خ؛آ²Te)",X2,C1C=CC=C([Te-])C=1[Te-],-2,,1113
S (خ¼â‚„-thio Xâ‚‚Lâ‚‚),L2X2,[S-2],-2,,1114
Se(CHâ‚‚)â‚„O (selenoxane-خ؛Se),L,C1C[Se]CCO1,0,,1115
Meâ‚ƒCCâ‰،CCMeâ‚ƒ (di-t-butyl-ethyne),L,C(C(C)(C)C)#CC(C)(C)C,0,,1116
NHâ‚‚Tol (p-tolylamine),L,C1C=C(C)C=CC=1N,0,,1117
C(NHMe)SEt (methylaminomethyl(thioethoxy)carbene),L,[C-2](NC)SCC,-2,,1118
CHâ‚‚=C=CMeâ‚‚ (dimethylallene),L,C=C=C(C)C,0,,1119
Sâ‚‚CH (dithioformato-خ؛S),X,C(=S)[S-],-1,,1120
CH=CMeâ‚‚ (dimethylvinyl),X,[CH-]=C(C)C,-1,,1121
CH=CPhâ‚‚ (diphenylvinyl),X,[CH-]=C(C1C=CC=CC=1)C1C=CC=CC=1,-1,,1122
Dmae (bis(dimethylarsino)ethane-خ؛آ²As),L2,[As](C)(C1C=CC=CC=1)CC[As](C)C1C=CC=CC=1,0,this points to the SMILES - bis(methyl-phenylarsino)ethane-kappa 2 As),1123
IOâ‚ƒ (iodato-خ؛O),X,I([O-])(=O)=O,-1,,1124
PCyPhâ‚‚ (cyclohexyl-diphenyl-phosphane),L,P(C1CCCCC1)(C1C=CC=CC=1)C1C=CC=CC=1,0,,1125
Câ‚„Etâ‚„ (خ·âپ´-tetraethylcyclobutadiene),LX2,C1(CC)C(CC)=C(CC)C=1CC,0,,1126
SbMesPhâ‚‚ (mesityldiphenylstibane),L,[Sb](C1C=CC=CC=1)(C1C=CC=CC=1)C1C(C)=CC(C)=CC=1C,0,,1127
Xe (xenon),L,[Xe],0,,1128
"[9]aneSâ‚ƒ (1,4,7-trithiocyclononane-خ؛S)",L,S1CCSCCSCC1,0,,1129
"C(NBuلµ—)CH=CH(NBuلµ—) (1,3-di-t-butylimidazol-2-ylidene)",L,[C-]1=[N+](C(C)(C)C)C=CN1C(C)(C)C,0,,1130
SePhâ‚‚ (diphenylselane),L,[Se](C1C=CC=CC=1)C1C=CC=CC=1,0,,1131
NCâ‚…Hâ‚„NHâ‚‚ (4-aminopyridine),L,C1C=C(N)C=CN=1,0,bonding to pyr nitrogen,1132
C(NHBuلµ—)â‚‚ (bis{t-butylamino}carbene),L,[C-2](NC(C)(C)C)NC(C)(C)C,-2,,1133
"C(NMe)CH=CH(NMe) (1,3-di-methylimidazol-2-ylidene)",L,[C-]1N(C)C=C[N+]=1C,0,,1134
Câ‚پâ‚‚Hâ‚‚â‚€ (cyclododecyne),L,C1CCCCC#CCCCCC1,0,,1135
SbMesâ‚ƒ (trimesitylstibane),L,[Sb](C1C(C)=CC(C)=CC=1C)(C1C(C)=CC(C)=CC=1C)C1C(C)=CC(C)=CC=1C,0,,1136
SePPhâ‚ƒ (triphenylphosphane selenide),L,[Se-][P+](C)(C)C,0,[Se]=P(C)(C)C,1137
"C(NEt)CH=CH(NEt) (1,3-di-ethylimidazol-2-ylidene)",L,[C-]1N(CC)C=C[N+]=1CC,0,,1138
"C(NEt)Câ‚†Hâ‚„(NEt) (1,3-di-ethylbenzimidazol-2-ylidene)",L,C1C=CC2N(CC)[C-]=[N+](CC)C=2C=1,0,,1139
NCâ‚…Hâ‚„CN (4-cyanopyridine),L,C1C=C(C#N)C=CN=1,0,bonding to pyr nitrogen,1140
C(NHMe)(NMeâ‚‚) (dimethylamino-methylamino-carbene),L,[C-2](N(C)C)NC,-2,,1141
"C(NMe)Câ‚†Hâ‚„(NMe) (1,3-di-methylbenzimidazol-2-ylidene)",L,C1C=CC2N(C)[C-]=[N+](C)C=2C=1,0,,1142
Meâ‚ƒCCâ‰،CMe (t-butyl-methyl-ethyne),L,C(C(C)(C)C)#CC,0,,1143
Meâ‚ƒSiCâ‰،CBuلµ— (trimethylsilyl-t-butyl-ethyne),L,[Si](C)(C)(C)C#CC(C)(C)C,0,,1144
NCâ‚…Hâ‚„Ph (4-phenylpyridine),L,N1C=CC(C2C=CC=CC=2)=CC=1,0,,1145
Dmdtc (dimethyldithiocarbamato-خ؛S),X,C(=S)([S-])N(C)C,-1,,1146
AsFâ‚ƒ (trifluoroarsane),L,[As](F)(F)F,0,,1147
SeC(NHâ‚‚)â‚‚ (selenourea),L,NC(=[Se])N,0,,1148
Sâ‚‚CPh (dithiobenzoato-خ؛S),X,C([S-])(=S)CC1C=CC=CC=1,-1,,1149
Sâ‚‚PMeâ‚‚ (dithiodimethylphosphinato-خ؛S),X,P([S-])(C)(=S)C,-1,,1150
Sâ‚‰ (nonasulfanediyl-خ؛آ²S),X2,[S-]SSSSSSS[S-],-2,,1151
TeCFâ‚ƒ (trifluoromethyl-tellanyl),X,[Te-]C(F)(F)F,-1,,1152
V(CO)â‚† (hexacarbonylvanadium),X,[V](C#O)(C#O)(C#O)(C#O)(C#O)C#O,0,,1153
NH(CHâ‚‚)â‚‚O(CHâ‚‚)â‚‚ (morpholine),L,C1COCCN1,0,kappa N,1154
C(NMeâ‚‚)â‚‚ (bis{dimethylamino}carbene),L,[C-2](N(C)C)N(C)C,-2,,1155
Terpy (terpyridine-خ؛N),L,C1(C2N=CC=CC=2)C=CC=C(C2C=CC=CN=2)N=1,0,,1156
Dmg (dimethylglyoximato),X2,C(/C)(=N\[O-])\C(=N\[O-])\C,-2,kappa 2 N,1157
Câ‚„Hâ‚ˆSe (tetrahydroselenophene),L,[Se]1CCCC1,0,,1159
S=CH(NHâ‚‚) (dimethylthioformamido-خ؛O),L,S=CN(C)C,0,Wrong formula; kappa S,1160
O=C(NHâ‚‚)â‚‚ (خ¼â‚‚-urea),L2,O=C(N)N,0,,1161
I (خ¼â‚‚-iodo),X,[I-],-1,,1162
SPrâپ؟ (n-propylthio-خ¼â‚‚),L,[S-]CCC,-1,,1163
dibenzo-18-crown-6 (dibenzo-18-crown-6-خ؛âپ¶O),L6,C12C=CC=CC=1OCCOCCOC1C=CC=CC=1OCCOCCO2,0,,1164
Co group (L type),L,[Co],0,,1165
Fe group (L type),L,[Fe],0,,1166
"ONCâ‚‰Hâ‚† (quinoline-8-olato-خ؛N,خ؛O)",LX,C1C=CC2C=CC(C)=NC=2C=1[O-],-1,,1167
SCy (cyclohexylthio),X,C1CCCCC1[S-],-1,,1168
Fe group (X type),X,[Fe],0,,1169
Câ‚†Meâ‚… (pentamethylphenyl),X,C1(C)C(C)=[C-]C(C)=C(C)C=1C,-1,,1170
Pt group (X type),X,[Pt],0,,1171
Os(CO)â‚„ (tetracarbonylosmium Z),Z,[Os](C#O)(C#O)(C#O)C#O,0,,1172
NHâ‚‚SiMeâ‚ƒ (trimethylsilylamine),L,C[Si](N)(C)C,0,,1173
Ru(CO)â‚„ (tetracarbonylruthenium Z),Z,[Ru](C#O)(C#O)(C#O)C#O,0,,1174
SeCâ‚†Fâ‚… (pentafluorophenylselenyl),X,C1(F)C(F)=C(F)C(F)=C(F)C=1[Se-],-1,,1175
SiBuلµ—â‚ƒ (tri-t-butylsilyl),X,[Si-](C(C)(C)C)(C(C)(C)C)C(C)(C)C,-1,,1176
